https://cdn.farmasi.com.tr//product/normal/1108164.jpg;1108164;FARMASÝ BOTANICS LAVANTA RAHATLATICI DUÞ JELÝ 500 ML;13,83846154;17,99
https://cdn.farmasi.com.tr//product/normal/1108194.jpg;1108194;FARMASI BOTANICS HERBAL MIX SHAMPOO;13,83846154;17,99
https://cdn.farmasi.com.tr//product/normal/1108109.jpg;1108109;FARMASÝ BOTANICS ISIRGAN ÖZLÜ PARLAKLIK VEREN ÞAMPUAN 500 ML;13,83846154;17,99
https://cdn.farmasi.com.tr//product/normal/1108165.jpg;1108165;FARMASÝ BOTANICS MÝNE ÇÝÇEÐÝ TAZELEYÝCÝ DUÞ JELÝ 500 ML;13,83846154;17,99
https://cdn.farmasi.com.tr//product/normal/1108156.jpg;1108156;FARMASÝ BOTANICS ADAÇAYI ÖZLÜ GÜÇLENDÝRÝCÝ ÞAMPUAN 500 ML;13,83846154;17,99
https://cdn.farmasi.com.tr//product/normal/1107514.jpg;1107514;FARMASÝ SOFT PETALS-ROLL-ON 50 ML;13,06923077;16,99
https://cdn.farmasi.com.tr//product/normal/1107502.jpg;1107502;FARMASÝ FRESH NATURE ROLL-ON 50ML;13,06923077;16,99
https://cdn.farmasi.com.tr//product/normal/1107501.jpg;1107501;FARMASÝ CLEAN SENSE ROLL-ON 50ML ;13,06923077;16,99
https://cdn.farmasi.com.tr//product/normal/1107503.jpg;1107503;FARMASÝ EXTRA COOL ROLL-ON 50 ML;13,06923077;16,99
https://cdn.farmasi.com.tr//product/normal/1107515.jpg;1107515;FARMASÝ GENTLE FRESH-ROLL-ON 50 ML;13,06923077;16,99
https://cdn.farmasi.com.tr//product/normal/9700788.jpg;9700788;EUROFRESH 2LÝ DÝÞ FIRÇASI PEMBE VE MAVÝ;14,77391304;16,99
https://cdn.farmasi.com.tr//product/normal/1113005.jpg;1113005;EUROFRESH ALOE VERA JEL DÝÞ MACUNU 112 G;13,06923077;16,99
https://cdn.farmasi.com.tr//product/normal/PK95337.jpg;PK95337;ALOE JEL DÝÞ MACUNU+DÝÞ FIRÇA SETÝ;19,22307692;24,99
https://cdn.farmasi.com.tr//product/normal/1107487.jpg;1107487;SIGNORA DIAMOND EDP KADIN ;26,91538462;34,99
https://cdn.farmasi.com.tr//product/normal/1107371.jpg;1107371;SIGNORA PEARL EDP KADIN PARFÜMÜ ;26,91538462;34,99
https://cdn.farmasi.com.tr//product/normal/1107488.jpg;1107488;SIGNORA EMERALD EDP KADIN PARFÜMÜ;26,91538462;34,99
https://cdn.farmasi.com.tr//product/normal/1107489.jpg;1107489;SIGNORA AMETHYST EDP KADIN PARFÜMÜ;26,91538462;34,99
https://cdn.farmasi.com.tr//product/normal/1107490.jpg;1107490;SIGNOR ONYX EDP ERKEK PARFÜMÜ;26,91538462;34,99
https://cdn.farmasi.com.tr//product/normal/1107375.jpg;1107375;SIGNOR JADE EDP ERKEK PARFÜMÜ;26,91538462;34,99
https://cdn.farmasi.com.tr//product/normal/PK95339.jpg;PK95339;STYLE N GO KIVIRCIK SAÇLAR ÝÇÝN KREM+DUÞ JELÝ ;23,06923077;29,99
https://cdn.farmasi.com.tr//product/normal/PK95338.jpg;PK95338;STYLEN GO DÜZ SAÇLAR ÝÇÝN KREM+DUÞ JELÝ ;23,06923077;29,99
https://cdn.farmasi.com.tr//product/normal/1108192.jpg;1108192;FARMASÝ STYLE N GO KIVIRCIK SAÇLAR ÝÇÝN SAÇ BAKIM KREMÝ 200 ML;15,37692308;19,99
https://cdn.farmasi.com.tr//product/normal/1103114.jpg;1103114;FARMASÝ NATURELLE ARGAN YAÐI DUÞ JELÝ 375 ML;13,06923077;16,99
https://cdn.farmasi.com.tr//product/normal/1108193.jpg;1108193;FARMASÝ STYLE N GO DÜZ SAÇLAR ÝÇÝN SAÇ BAKIM KREMÝ 200 ML;15,37692308;19,99
https://cdn.farmasi.com.tr//product/normal/1103109.jpg;1103109;FARMASÝ NATURELLE ZEYTÝNYAÐLI BESLEYÝCÝ DUÞ JELÝ 375 ML;13,06923077;16,99
https://cdn.farmasi.com.tr//product/normal/PK95278.jpg;PK95278;KERATÝN TERAPÝ SAÇ BAKIM SETÝ;35,37692308;45,99
https://cdn.farmasi.com.tr//product/normal/1108180.jpg;1108180;FARMASÝ KERATÝN THERAPY ONARICI ÞAMPUAN 400 ML;22,3;28,99
https://cdn.farmasi.com.tr//product/normal/1108181.jpg;1108181;FARMASÝ KERATÝN THERAPY ONARICI SPREY 115 ML;24,60769231;31,99
https://cdn.farmasi.com.tr//product/normal/1301015.jpg;1301015;FARMASÝ OPTIMAL STYLE MASKARA 8 ML;20,76153846;26,99
https://cdn.farmasi.com.tr//product/normal/1201006.jpg;1201006;FARMASÝ SENSI WIPES MAKYAJ TEMÝZLEME MENDÝLÝ ;12,3;15,99
https://cdn.farmasi.com.tr//product/normal/PK95340.jpg;PK95340;OPTIMAL STYLE MASKARA+MAKYAJ TEMÝZLEME SETÝ;23,06923077;29,99
https://cdn.farmasi.com.tr//product/normal/1302417.jpg;1302417;FARMASÝ MAKYAJ SABÝTLEYÝCÝ 115 ML;13,83846154;17,99
https://cdn.farmasi.com.tr//product/normal/1302711.jpg;1302711;FARMASÝ MISELAR MAKYAJ TEMÝZLEME SUYU 225 ML;15,37692308;19,99
https://cdn.farmasi.com.tr//product/normal/1302518.jpg;1302518;FARMASÝ AYDINLATICI PALETÝ 15 GR;42,3;54,99
https://cdn.farmasi.com.tr//product/normal/1302519.jpg;1302519;FARMASÝ 3 LÜ YÜZ PALETÝ 15 GR;42,3;54,99
https://cdn.farmasi.com.tr//product/normal/9700736.jpg;9700736;FARMASÝ MAKE UP DUDAK KALEMÝ 201;12,3;15,99
https://cdn.farmasi.com.tr//product/normal/9700737.jpg;9700737;FARMASÝ MAKE UP DUDAK KALEMÝ 203;12,3;15,99
https://cdn.farmasi.com.tr//product/normal/9700738.jpg;9700738;FARMASÝ MAKE UP DUDAK KALEMÝ 204;12,3;15,99
https://cdn.farmasi.com.tr//product/normal/9700740.jpg;9700740;FARMASÝ MAKE UP DUDAK KALEMÝ 207;12,3;15,99
https://cdn.farmasi.com.tr//product/normal/9700741.jpg;9700741;FARMASÝ MAKE UP DUDAK KALEMÝ 208;12,3;15,99
https://cdn.farmasi.com.tr//product/normal/9700742.jpg;9700742;FARMASÝ MAKE UP DUDAK KALEMÝ 212;12,3;15,99
https://cdn.farmasi.com.tr//product/normal/9700743.jpg;9700743;FARMASÝ MAKE UP DUDAK KALEMÝ 215;12,3;15,99
https://cdn.farmasi.com.tr//product/normal/9700744.jpg;9700744;FARMASÝ MAKE UP DUDAK KALEMÝ 219;12,3;15,99
https://cdn.farmasi.com.tr//product/normal/9700745.jpg;9700745;FARMASÝ MAKE UP DUDAK KALEMÝ 220;12,3;15,99
https://cdn.farmasi.com.tr//product/normal/9700746.jpg;9700746;FARMASÝ MAKE UP DUDAK KALEMÝ 221;12,3;15,99
https://cdn.farmasi.com.tr//product/normal/9700747.jpg;9700747;FARMASÝ MAKE UP DUDAK KALEMÝ 222;12,3;15,99
https://cdn.farmasi.com.tr//product/normal/9700748.jpg;9700748;FARMASÝ MAKE UP DUDAK KALEMÝ 223;12,3;15,99
https://cdn.farmasi.com.tr//product/normal/9700750.jpg;9700750;FARMASÝ MAKE UP DUDAK KALEMÝ 227;12,3;15,99
https://cdn.farmasi.com.tr//product/normal/1303737.jpg;1303737;IÞILTILI DUDAK PARLATICISI-BITTERSWEET-01;21,53076923;27,99
https://cdn.farmasi.com.tr//product/normal/1303738.jpg;1303738;IÞILTILI DUDAK PARLATICISI-BUBBLEGUM-02;21,53076923;27,99
https://cdn.farmasi.com.tr//product/normal/1303740.jpg;1303740;IÞILTILI DUDAK PARLATICISI-HONEY POT-03;21,53076923;27,99
https://cdn.farmasi.com.tr//product/normal/1303739.jpg;1303739;IÞILTILI DUDAK PARLATICISI-BERRY MUCH-04;21,53076923;27,99
https://cdn.farmasi.com.tr//product/normal/9700723.jpg;9700723;FARMASÝ EXPRESS WATERPROOF GÖZ KALEMÝ 01;25,37692308;32,99
https://cdn.farmasi.com.tr//product/normal/9700724.jpg;9700724;FARMASÝ EXPRESS WATERPROOF GÖZ KALEMÝ 02;25,37692308;32,99
https://cdn.farmasi.com.tr//product/normal/9700725.jpg;9700725;FARMASÝ EXPRESS WATERPROOF GÖZ KALEMÝ 03;25,37692308;32,99
https://cdn.farmasi.com.tr//product/normal/9700726.jpg;9700726;FARMASÝ EXPRESS WATERPROOF GÖZ KALEMÝ 04;25,37692308;32,99
https://cdn.farmasi.com.tr//product/normal/9700727.jpg;9700727;FARMASÝ EXPRESS WATERPROOF GÖZ KALEMÝ 05;25,37692308;32,99
https://cdn.farmasi.com.tr//product/normal/9700728.jpg;9700728;FARMASÝ EXPRESS WATERPROOF GÖZ KALEMÝ 06;25,37692308;32,99
https://cdn.farmasi.com.tr//product/normal/9700713.jpg;9700713;FARMASÝ MAKE UP EXPRESS GÖZ KALEMÝ 01;12,3;15,99
https://cdn.farmasi.com.tr//product/normal/9700714.jpg;9700714;FARMASÝ MAKE UP EXPRESS GÖZ KALEMÝ 02;12,3;15,99
https://cdn.farmasi.com.tr//product/normal/9700715.jpg;9700715;FARMASÝ MAKE UP EXPRESS GÖZ KALEMÝ 03;12,3;15,99
https://cdn.farmasi.com.tr//product/normal/9700716.jpg;9700716;FARMASÝ MAKE UP EXPRESS GÖZ KALEMÝ 04;12,3;15,99
https://cdn.farmasi.com.tr//product/normal/9700717.jpg;9700717;FARMASÝ MAKE UP EXPRESS GÖZ KALEMÝ 05;12,3;15,99
https://cdn.farmasi.com.tr//product/normal/9700718.jpg;9700718;FARMASÝ MAKE UP EXPRESS GÖZ KALEMÝ 06;12,3;15,99
https://cdn.farmasi.com.tr//product/normal/9700719.jpg;9700719;FARMASÝ MAKE UP EXPRESS GÖZ KALEMÝ 07;12,3;15,99
https://cdn.farmasi.com.tr//product/normal/9700720.jpg;9700720;FARMASÝ MAKE UP EXPRESS GÖZ KALEMÝ 08;12,3;15,99
https://cdn.farmasi.com.tr//product/normal/9700721.jpg;9700721;FARMASÝ MAKE UP EXPRESS GÖZ KALEMÝ 09;12,3;15,99
https://cdn.farmasi.com.tr//product/normal/9700722.jpg;9700722;FARMASÝ MAKE UP EXPRESS GÖZ KALEMÝ 10;12,3;15,99
https://cdn.farmasi.com.tr//product/normal/1104170.jpg;1104170;FARMASÝ BB KREM AÇIK 50 ML;26,91538462;34,99
https://cdn.farmasi.com.tr//product/normal/1104058.jpg;1104058;FARMASÝ BB KREM AÇIKTAN ORTAYA 50 ML;26,91538462;34,99
https://cdn.farmasi.com.tr//product/normal/1104171.jpg;1104171;FARMASÝ BB KREM ORTA 50 ML;26,91538462;34,99
https://cdn.farmasi.com.tr//product/normal/1104059.jpg;1104059;FARMASÝ BB KREM ORTADAN KOYUYA 50 ML;26,91538462;34,99
https://cdn.farmasi.com.tr//product/normal/1104067.jpg;1104067;FARMASÝ BB GÖZ KREMÝ 2 ML AÇIKTAN ORTAYA-01 ;26,91538462;34,99
https://cdn.farmasi.com.tr//product/normal/1104068.jpg;1104068;FARMASÝ BB GÖZ KREMÝ 2 ML ORTADAN KOYUYA-02;26,91538462;34,99
https://cdn.farmasi.com.tr//product/normal/1104172.jpg;1104172;FARMASÝ CC KREM 50 ML AÇIK ;34,60769231;44,99
https://cdn.farmasi.com.tr//product/normal/1104060.jpg;1104060;FARMASÝ CC KREM 50 ML AÇIKTAN ORTAYA ;34,60769231;44,99
https://cdn.farmasi.com.tr//product/normal/1104173.jpg;1104173;FARMASÝ CC KREM 50 ML ORTA;34,60769231;44,99
https://cdn.farmasi.com.tr//product/normal/1104061.jpg;1104061;FARMASÝ CC KREM 50 ML ORTADAN KOYUYA;34,60769231;44,99
https://cdn.farmasi.com.tr//product/normal/1302533.jpg;1302533;FARMASÝ FULL COVERAGE LÝKÝT KAPATICI LIGHT IVORY 7 ML;23,06923077;29,99
https://cdn.farmasi.com.tr//product/normal/1302534.jpg;1302534;FARMASÝ FULL COVERAGE LÝKÝT KAPATICI PURE BEIGE 7 ML;23,06923077;29,99
https://cdn.farmasi.com.tr//product/normal/1302535.jpg;1302535;FARMASÝ FULL COVERAGE LÝKÝT KAPATICI WARM HONEY 7 ML;23,06923077;29,99
https://cdn.farmasi.com.tr//product/normal/1302531.jpg;1302531;FARMASÝ FULL COVERAGE LÝKÝT KAPATICI BISQUE 7ML;23,06923077;29,99
https://cdn.farmasi.com.tr//product/normal/1302532.jpg;1302532;FARMASÝ FULL COVERAGE LÝKÝT KAPATICI SOFT ORANGE 7 ML;23,06923077;29,99
https://cdn.farmasi.com.tr//product/normal/1302492.jpg;1302492;FARMASÝ MAKE UP STAY MATTE FONDÖTEN 30 ML LIGHT IVORY- 01 ;30,76153846;39,99
https://cdn.farmasi.com.tr//product/normal/1302493.jpg;1302493;FARMASÝ MAKE UP STAY MATTE FONDÖTEN 30 ML PORCELAIN-02;30,76153846;39,99
https://cdn.farmasi.com.tr//product/normal/1302494.jpg;1302494;FARMASÝ MAKE UP STAY MATTE FONDÖTEN 30 ML NATURAL-03;30,76153846;39,99
https://cdn.farmasi.com.tr//product/normal/1302495.jpg;1302495;FARMASÝ MAKE UP STAY MATTE FONDÖTEN 30 ML SAND BEIGE-04;30,76153846;39,99
https://cdn.farmasi.com.tr//product/normal/1302496.jpg;1302496;FARMASÝ MAKE UP STAY MATTE FONDÖTEN 30 ML SUN TAN-05;30,76153846;39,99
https://cdn.farmasi.com.tr//product/normal/1302703.jpg;1302703;FARMASÝ MAKE UP SERUM FONDÖTEN  NO:01 ;53,83846154;69,99
https://cdn.farmasi.com.tr//product/normal/1302704.jpg;1302704;FARMASÝ MAKE UP SERUM FONDÖTEN  NO:02 ;53,83846154;69,99
https://cdn.farmasi.com.tr//product/normal/1302705.jpg;1302705;FARMASÝ MAKE UP SERUM FONDÖTEN  NO:03;53,83846154;69,99
https://cdn.farmasi.com.tr//product/normal/1302706.jpg;1302706;FARMASÝ MAKE UP SERUM FONDÖTEN NO:04;53,83846154;69,99
https://cdn.farmasi.com.tr//product/normal/1302707.jpg;1302707;FARMASÝ MAKE UP SERUM FONDÖTEN  NO:05 ;53,83846154;69,99
https://cdn.farmasi.com.tr//product/normal/1302447.jpg;1302447;FARMASÝ VFX PRO FONDÖTEN 30 ML- 00;51,53076923;66,99
https://cdn.farmasi.com.tr//product/normal/1302421.jpg;1302421;FARMASÝ VFX PRO FONDÖTEN 30 ML- 01;51,53076923;66,99
https://cdn.farmasi.com.tr//product/normal/1302422.jpg;1302422;FARMASÝ VFX PRO FONDÖTEN 30 ML- 02;51,53076923;66,99
https://cdn.farmasi.com.tr//product/normal/1302423.jpg;1302423;FARMASÝ VFX PRO FONDÖTEN 30 ML- 03;51,53076923;66,99
https://cdn.farmasi.com.tr//product/normal/1302448.jpg;1302448;FARMASÝ VFX PRO FONDÖTEN 30 ML- 04;51,53076923;66,99
https://cdn.farmasi.com.tr//product/normal/1302536.jpg;1302536;FARMASÝ VFX PRO CAMERA READY IÞILTILI MAKYAJ BAZI 25 ML;28,45384615;36,99
https://cdn.farmasi.com.tr//product/normal/1302449.jpg;1302449;FARMASÝ VFX PRO MAKYAJ BAZI 25 ML;28,45384615;36,99
https://cdn.farmasi.com.tr//product/normal/1302511.jpg;1302511;FARMASÝ YÜZ ÞEKÝLLENDÝRÝCÝ PALET 15 G;42,3;54,99
https://cdn.farmasi.com.tr//product/normal/1302517.jpg;1302517;FARMASÝ PEMBE IÞILTILI STICK AYDINLATICI 7 G;30,76153846;39,99
https://cdn.farmasi.com.tr//product/normal/1302516.jpg;1302516;FARMASÝ ALTIN IÞILTILI STICK AYDINLATICI 7 G;30,76153846;39,99
https://cdn.farmasi.com.tr//product/normal/1302425.jpg;1302425;FARMASÝ AYDINLATICI STICK 7 G;30,76153846;39,99
https://cdn.farmasi.com.tr//product/normal/1302424.jpg;1302424;FARMASÝ KONTÜR STICK 7 G;30,76153846;39,99
https://cdn.farmasi.com.tr//product/normal/1301347.jpg;1301347;FARMASÝ EXTREME CURL MASKARA 14 ML;25,37692308;32,99
https://cdn.farmasi.com.tr//product/normal/1301322.jpg;1301322;FARMASÝ ZEN MASKARA 8 ML;15,37692308;19,99
https://cdn.farmasi.com.tr//product/normal/1301157.jpg;1301157;FARMASÝ DEEP BLACK MASKARA 8 ML;26,91538462;34,99
https://cdn.farmasi.com.tr//product/normal/1301111.jpg;1301111;FARMASÝ STAR LOOK MASKARA 12 ML;38,45384615;49,99
https://cdn.farmasi.com.tr//product/normal/1301344.jpg;1301344;FARMASÝ 3D EFFECT  MASKARA 10 ML;22,3;28,99
https://cdn.farmasi.com.tr//product/normal/1301292.jpg;1301292;FARMASÝ KAÞ KÝRPÝK SERUMU 12 ML;38,45384615;49,99
https://cdn.farmasi.com.tr//product/normal/9700735.jpg;9700735;FARMASÝ KALEM EYE LINER - INK LINER;26,91538462;34,99
https://cdn.farmasi.com.tr//product/normal/9700763.jpg;9700763;FARMASÝ KALEM EYE LINER - ART LINER;26,91538462;34,99
https://cdn.farmasi.com.tr//product/normal/1301354.jpg;1301354;FARMASÝ KAJAL JEL EYELINER 3 G;22,3;28,99
https://cdn.farmasi.com.tr//product/normal/1301002.jpg;1301002;FARMASÝ EYELINER LOOK ÝNCE UÇLU EYELINER  4,5 G;15,37692308;19,99
https://cdn.farmasi.com.tr//product/normal/1301001.jpg;1301001;FARMASÝ DEEPLINER KALIN UÇLU EYELINER 4,5 G ;15,37692308;19,99
https://cdn.farmasi.com.tr//product/normal/1301363.jpg;1301363;FARMASÝ GÖZ FARI PALETÝ 6 G- 03 ULTIMATE SMOKEY;42,3;54,99
https://cdn.farmasi.com.tr//product/normal/1301364.jpg;1301364;FARMASÝ GÖZ FARI PALETÝ 6 G- 04 VICE BROWN;42,3;54,99
https://cdn.farmasi.com.tr//product/normal/1301365.jpg;1301365;FARMASÝ GÖZ FARI PALETÝ 6 G- 05 VINTAGE SEASON;42,3;54,99
https://cdn.farmasi.com.tr//product/normal/1301366.jpg;1301366;FARMASÝ GÖZ FARI PALETÝ 6 G- 06 SUNSET KISS;42,3;54,99
https://cdn.farmasi.com.tr//product/normal/1301368.jpg;1301368;FARMASÝ GÖZ FARI 5 G- 01;19,22307692;24,99
https://cdn.farmasi.com.tr//product/normal/1301369.jpg;1301369;FARMASÝ GÖZ FARI 5 G- 02;19,22307692;24,99
https://cdn.farmasi.com.tr//product/normal/1301370.jpg;1301370;FARMASÝ GÖZ FARI 5 G- 03;19,22307692;24,99
https://cdn.farmasi.com.tr//product/normal/1301371.jpg;1301371;FARMASÝ GÖZ FARI 5 G- 04;19,22307692;24,99
https://cdn.farmasi.com.tr//product/normal/1301372.jpg;1301372;FARMASÝ GÖZ FARI 5 G- 05;19,22307692;24,99
https://cdn.farmasi.com.tr//product/normal/1301373.jpg;1301373;FARMASÝ GÖZ FARI 5 G- 06;19,22307692;24,99
https://cdn.farmasi.com.tr//product/normal/1301375.jpg;1301375;FARMASÝ GÖZ FARI 5 G- 08;19,22307692;24,99
https://cdn.farmasi.com.tr//product/normal/1301377.jpg;1301377;FARMASÝ GÖZ FARI 5 G- 10;19,22307692;24,99
https://cdn.farmasi.com.tr//product/normal/1301379.jpg;1301379;FARMASÝ GÖZ FARI 5 G- 12;19,22307692;24,99
https://cdn.farmasi.com.tr//product/normal/1301380.jpg;1301380;FARMASÝ GÖZ FARI 5 G- 13;19,22307692;24,99
https://cdn.farmasi.com.tr//product/normal/1301382.jpg;1301382;FARMASÝ GÖZ FARI 5 G- 15;19,22307692;24,99
https://cdn.farmasi.com.tr//product/normal/1301384.jpg;1301384;FARMASÝ GÖZ FARI 5 G- 17;19,22307692;24,99
https://cdn.farmasi.com.tr//product/normal/1301490.jpg;1301490;FARMASÝ GÖZ FARI BAZI;25,37692308;32,99
https://cdn.farmasi.com.tr//product/normal/1301491.jpg;1301491;FARMASÝ KREM GÖZ FARI - 01;25,37692308;32,99
https://cdn.farmasi.com.tr//product/normal/1301493.jpg;1301493;FARMASÝ KREM GÖZ FARI - 03;25,37692308;32,99
https://cdn.farmasi.com.tr//product/normal/1301495.jpg;1301495;FARMASÝ KREM GÖZ FARI - 05;25,37692308;32,99
https://cdn.farmasi.com.tr//product/normal/1301494.jpg;1301494;FARMASÝ KREM GÖZ FARI - 04;25,37692308;32,99
https://cdn.farmasi.com.tr//product/normal/1301496.jpg;1301496;FARMASÝ KREM GÖZ FARI - 06;25,37692308;32,99
https://cdn.farmasi.com.tr//product/normal/1301492.jpg;1301492;FARMASÝ KREM GÖZ FARI - 02;25,37692308;32,99
https://cdn.farmasi.com.tr//product/normal/9700731.jpg;9700731;FARMASÝ EXTRALAST GÖZ KALEMÝ 03;23,06923077;29,99
https://cdn.farmasi.com.tr//product/normal/9700732.jpg;9700732;FARMASÝ EXTRALAST GÖZ KALEMÝ 04;23,06923077;29,99
https://cdn.farmasi.com.tr//product/normal/9700734.jpg;9700734;FARMASÝ EXTRALAST GÖZ KALEMÝ 06;23,06923077;29,99
https://cdn.farmasi.com.tr//product/normal/9700729.jpg;9700729;FARMASÝ EXTRALAST GÖZ KALEMÝ 01;23,06923077;29,99
https://cdn.farmasi.com.tr//product/normal/9700730.jpg;9700730;FARMASÝ EXTRALAST GÖZ KALEMÝ 02;23,06923077;29,99
https://cdn.farmasi.com.tr//product/normal/1301501.jpg;1301501;FARMASÝ GLITTER EYELINER 4,5 G CRYSTAL 01;15,37692308;19,99
https://cdn.farmasi.com.tr//product/normal/1301502.jpg;1301502;FARMASÝ GLITTER EYELINER 4,5 G GLITZY GOLD 02;15,37692308;19,99
https://cdn.farmasi.com.tr//product/normal/1301503.jpg;1301503;FARMASÝ GLITTER EYELINER 4,5 G CHAMPANGE 03;15,37692308;19,99
https://cdn.farmasi.com.tr//product/normal/1301504.jpg;1301504;FARMASÝ GLITTER EYELINER 4,5 G IRIDESCENT GREEN 04;15,37692308;19,99
https://cdn.farmasi.com.tr//product/normal/1301505.jpg;1301505;FARMASÝ GLITTER EYELINER 4,5 G EXTREME BLACK 05;15,37692308;19,99
https://cdn.farmasi.com.tr//product/normal/1301401.jpg;1301401;FARMASÝ METALÝK EYELINER 4,5 G PLATINUM 01;15,37692308;19,99
https://cdn.farmasi.com.tr//product/normal/1301402.jpg;1301402;FARMASÝ METALÝK EYELINER 4,5 G METAL GOLD 02;15,37692308;19,99
https://cdn.farmasi.com.tr//product/normal/1301403.jpg;1301403;FARMASÝ METALÝK EYELINER 4,5 G SAPHIRE 03;15,37692308;19,99
https://cdn.farmasi.com.tr//product/normal/1301404.jpg;1301404;FARMASÝ METALÝK EYELINER 4,5 G TURQUOISE 04;15,37692308;19,99
https://cdn.farmasi.com.tr//product/normal/1301405.jpg;1301405;FARMASÝ METALÝK EYELINER 4,5 G METAL PLUM 05;15,37692308;19,99
https://cdn.farmasi.com.tr//product/normal/1107485.jpg;1107485;FARMASI BE FIT SERÝNLETÝCÝ SABÝTLEYÝCÝ YÜZ SPREYÝ-115 ML ;15,37692308;19,99
https://cdn.farmasi.com.tr//product/normal/1303685.jpg;1303685;FARMASI BE FIT DUDAK VE YANAK RENKLENDÝRÝCÝ;19,22307692;24,99
https://cdn.farmasi.com.tr//product/normal/1301395.jpg;1301395;FARMASÝ BE FIT CLEAR BROW MASCARA 5 ML ;20,76153846;26,99
https://cdn.farmasi.com.tr//product/normal/1302500.jpg;1302500;FARMASI BE FIT RENK DÜZENLEYÝCÝ PUDRA 10 GR;38,45384615;49,99
https://cdn.farmasi.com.tr//product/normal/1202016.jpg;1202016;FARMASI BE FIT YÜZ VE VÜCUT ÝÇÝN ISLAK MENDÝL 30 AD.;13,06923077;16,99
https://cdn.farmasi.com.tr//product/normal/1302541.jpg;1302541;FARMASI BE FIT TINTED MOISTURIZER 01-BISQUE;26,91538462;34,99
https://cdn.farmasi.com.tr//product/normal/1302542.jpg;1302542;FARMASI BE FIT TINTED MOISTURIZER 02;26,91538462;34,99
https://cdn.farmasi.com.tr//product/normal/1301394.jpg;1301394;FARMASÝ BE FIT MASCARA WATERPROOF ;30,76153846;39,99
https://cdn.farmasi.com.tr//product/normal/1303561.jpg;1303561;FARMASÝ BB MAT RUJ 4G-01;20,76153846;26,99
https://cdn.farmasi.com.tr//product/normal/1303562.jpg;1303562;FARMASÝ BB MAT RUJ 4G-02                                                                                   ;20,76153846;26,99
https://cdn.farmasi.com.tr//product/normal/1303563.jpg;1303563;FARMASÝ BB MAT RUJ 4G-03;20,76153846;26,99
https://cdn.farmasi.com.tr//product/normal/1303717.jpg;1303717;FARMASÝ BB MAT RUJ-BARELY THERE;20,76153846;26,99
https://cdn.farmasi.com.tr//product/normal/1303718.jpg;1303718;FARMASÝ BB MAT RUJ-ICONIC NUDE;20,76153846;26,99
https://cdn.farmasi.com.tr//product/normal/1303719.jpg;1303719;FARMASÝ BB MAT RUJ-CUTIE PIE;20,76153846;26,99
https://cdn.farmasi.com.tr//product/normal/1303531.jpg;1303531;FARMASÝ MAT LÝKÝT RUJ 4 ML- 01 MAUVE PINK;23,06923077;29,99
https://cdn.farmasi.com.tr//product/normal/1303697.jpg;1303697;FARMASÝ MAT LÝKÝT RUJ 4 ML- 03 NUDE ESSENCE;23,06923077;29,99
https://cdn.farmasi.com.tr//product/normal/1303698.jpg;1303698;FARMASÝ MAT LÝKÝT RUJ 4 ML- 04 PERFECT ROSE;23,06923077;29,99
https://cdn.farmasi.com.tr//product/normal/1303699.jpg;1303699;FARMASÝ MAT LÝKÝT RUJ 4 ML- 05 RED LOVE;23,06923077;29,99
https://cdn.farmasi.com.tr//product/normal/1303700.jpg;1303700;FARMASÝ MAT LÝKÝT RUJ 4 ML- 06 SUPER STAR;23,06923077;29,99
https://cdn.farmasi.com.tr//product/normal/1303701.jpg;1303701;FARMASÝ MAT LÝKÝT RUJ 4 ML- 08 SUNSET BREEZE;23,06923077;29,99
https://cdn.farmasi.com.tr//product/normal/1303702.jpg;1303702;FARMASÝ MAT LÝKÝT RUJ 4 ML- 09 LOVE SECRET;23,06923077;29,99
https://cdn.farmasi.com.tr//product/normal/1303703.jpg;1303703;FARMASÝ MAT LÝKÝT RUJ 4 ML-COOL PINK-102;23,06923077;29,99
https://cdn.farmasi.com.tr//product/normal/1303704.jpg;1303704;FARMASÝ MAT LÝKÝT RUJ 4 ML-WILD ROSE-103;23,06923077;29,99
https://cdn.farmasi.com.tr//product/normal/1303654.jpg;1303654;FARMASÝ MAT LÝKÝT RUJ 4 ML-SKIN-201;23,06923077;29,99
https://cdn.farmasi.com.tr//product/normal/1303655.jpg;1303655;FARMASÝ MAT LÝKÝT RUJ 4 ML-CANDY-202;23,06923077;29,99
https://cdn.farmasi.com.tr//product/normal/1303656.jpg;1303656;FARMASÝ MAT LÝKÝT RUJ 4 ML-AU NATURAL-203;23,06923077;29,99
https://cdn.farmasi.com.tr//product/normal/1303657.jpg;1303657;FARMASÝ MAT LÝKÝT RUJ 4 ML-GODDESS-204;23,06923077;29,99
https://cdn.farmasi.com.tr//product/normal/1303658.jpg;1303658;FARMASÝ MAT LÝKÝT RUJ 4 ML-BRAVE-205;23,06923077;29,99
https://cdn.farmasi.com.tr//product/normal/1303659.jpg;1303659;FARMASÝ MAT LÝKÝT RUJ 4 ML-CONFIDENT-206;23,06923077;29,99
https://cdn.farmasi.com.tr//product/normal/1303363.jpg;1303363;FARMASÝ MAT RUJ 4G-02;19,22307692;24,99
https://cdn.farmasi.com.tr//product/normal/1303364.jpg;1303364;FARMASÝ MAT RUJ 4G-03;19,22307692;24,99
https://cdn.farmasi.com.tr//product/normal/1303370.jpg;1303370;FARMASÝ MAT RUJ 4G-09;19,22307692;24,99
https://cdn.farmasi.com.tr//product/normal/1303413.jpg;1303413;FARMASÝ MAT RUJ 4G-12 ;19,22307692;24,99
https://cdn.farmasi.com.tr//product/normal/1303474.jpg;1303474;FARMASÝ MAT RUJ 4G-14 ;19,22307692;24,99
https://cdn.farmasi.com.tr//product/normal/1303538.jpg;1303538;FARMASÝ MAT RUJ 4G-23;19,22307692;24,99
https://cdn.farmasi.com.tr//product/normal/1303539.jpg;1303539;FARMASÝ MAT RUJ 4G-24;19,22307692;24,99
https://cdn.farmasi.com.tr//product/normal/1303540.jpg;1303540;FARMASÝ MAT RUJ 4G-25;19,22307692;24,99
https://cdn.farmasi.com.tr//product/normal/1303541.jpg;1303541;FARMASÝ MAT RUJ 4G-26;19,22307692;24,99
https://cdn.farmasi.com.tr//product/normal/1303542.jpg;1303542;FARMASÝ MAT RUJ 4G-27;19,22307692;24,99
https://cdn.farmasi.com.tr//product/normal/1303652.jpg;1303652;FARMASÝ MAT RUJ 4G-32;19,22307692;24,99
https://cdn.farmasi.com.tr//product/normal/1303653.jpg;1303653;FARMASÝ MAT RUJ 4G-33;19,22307692;24,99
https://cdn.farmasi.com.tr//product/normal/1303660.jpg;1303660;FARMASÝ DUDAK DOLGUNLAÞTIRICISI 4ML;22,3;28,99
https://cdn.farmasi.com.tr//product/normal/1304651.jpg;1304651;FARMASÝ DUDAK NEMLENDÝRÝCÝSÝ 4G;22,3;28,99
https://cdn.farmasi.com.tr//product/normal/1303010.jpg;1303010;FARMASÝ TRUE COLOR RUJ-10;15,37692308;19,99
https://cdn.farmasi.com.tr//product/normal/1303011.jpg;1303011;FARMASÝ TRUE COLOR RUJ 4 G- 11;15,37692308;19,99
https://cdn.farmasi.com.tr//product/normal/1303012.jpg;1303012;FARMASÝ TRUE COLOR RUJ-12;15,37692308;19,99
https://cdn.farmasi.com.tr//product/normal/1303013.jpg;1303013;FARMASÝ TRUE COLOR RUJ-13;15,37692308;19,99
https://cdn.farmasi.com.tr//product/normal/1303015.jpg;1303015;FARMASÝ TRUE COLOR RUJ-15;15,37692308;19,99
https://cdn.farmasi.com.tr//product/normal/1303016.jpg;1303016;FARMASÝ TRUE COLOR RUJ-16;15,37692308;19,99
https://cdn.farmasi.com.tr//product/normal/1303018.jpg;1303018;FARMASÝ TRUE COLOR RUJ 4G-18 ;15,37692308;19,99
https://cdn.farmasi.com.tr//product/normal/1303019.jpg;1303019;FARMASÝ TRUE COLOR RUJ 4G-19;15,37692308;19,99
https://cdn.farmasi.com.tr//product/normal/1303020.jpg;1303020;FARMASÝ TRUE COLOR RUJ 4G-20;15,37692308;19,99
https://cdn.farmasi.com.tr//product/normal/1303021.jpg;1303021;FARMASÝ TRUE COLOR RUJ 4G-21 ;15,37692308;19,99
https://cdn.farmasi.com.tr//product/normal/1303022.jpg;1303022;FARMASÝ TRUE COLOR RUJ 4G-22 ;15,37692308;19,99
https://cdn.farmasi.com.tr//product/normal/1303027.jpg;1303027;FARMASÝ TRUE COLOR RUJ 4G-27;15,37692308;19,99
https://cdn.farmasi.com.tr//product/normal/1303410.jpg;1303410;FARMASÝ TRUE COLOR RUJ 4G-44 ;15,37692308;19,99
https://cdn.farmasi.com.tr//product/normal/1303411.jpg;1303411;FARMASÝ TRUE COLOR RUJ 4G-45;15,37692308;19,99
https://cdn.farmasi.com.tr//product/normal/1301411.jpg;1301411;FARMASÝ INTENSE COLOR RUJ 101;21,53076923;27,99
https://cdn.farmasi.com.tr//product/normal/1301412.jpg;1301412;FARMASÝ INTENSE COLOR RUJ 102;21,53076923;27,99
https://cdn.farmasi.com.tr//product/normal/1301413.jpg;1301413;FARMASÝ INTENSE COLOR RUJ 103;21,53076923;27,99
https://cdn.farmasi.com.tr//product/normal/1301414.jpg;1301414;FARMASÝ INTENSE COLOR RUJ 104;21,53076923;27,99
https://cdn.farmasi.com.tr//product/normal/1301416.jpg;1301416;FARMASÝ INTENSE COLOR RUJ 106;21,53076923;27,99
https://cdn.farmasi.com.tr//product/normal/1301417.jpg;1301417;FARMASÝ INTENSE COLOR RUJ 107;21,53076923;27,99
https://cdn.farmasi.com.tr//product/normal/1301418.jpg;1301418;FARMASÝ INTENSE COLOR RUJ 108;21,53076923;27,99
https://cdn.farmasi.com.tr//product/normal/1301419.jpg;1301419;FARMASÝ INTENSE COLOR RUJ 109;21,53076923;27,99
https://cdn.farmasi.com.tr//product/normal/1301420.jpg;1301420;FARMASÝ INTENSE COLOR RUJ 110;21,53076923;27,99
https://cdn.farmasi.com.tr//product/normal/1301421.jpg;1301421;FARMASÝ INTENSE COLOR RUJ 111;21,53076923;27,99
https://cdn.farmasi.com.tr//product/normal/1301423.jpg;1301423;FARMASÝ INTENSE COLOR RUJ 113;21,53076923;27,99
https://cdn.farmasi.com.tr//product/normal/1301424.jpg;1301424;FARMASÝ INTENSE COLOR RUJ 114;21,53076923;27,99
https://cdn.farmasi.com.tr//product/normal/1302343.jpg;1302343;FARMASÝ BB PUDRA 14G NO:1;30,76153846;39,99
https://cdn.farmasi.com.tr//product/normal/1302345.jpg;1302345;FARMASÝ BB PUDRA 14G NO:2;30,76153846;39,99
https://cdn.farmasi.com.tr//product/normal/1115022.jpg;1115022;SUN KISS BRONZLAÞTIRICI IÞILTILI YAÐ;69,22307692;89,99
https://cdn.farmasi.com.tr//product/normal/1302499.jpg;1302499;SUN KISS BRONZLAÞTIRICI PUDRA 21G;38,45384615;49,99
https://cdn.farmasi.com.tr//product/normal/1302470.jpg;1302470;FARMASÝ TERRACOTTA PUDRA 10 G- 05;48,45384615;62,99
https://cdn.farmasi.com.tr//product/normal/1302471.jpg;1302471;FARMASÝ TERRACOTTA PUDRA 10 G- 08;48,45384615;62,99
https://cdn.farmasi.com.tr//product/normal/1302472.jpg;1302472;FARMASÝ TERRACOTTA PUDRA 10 G- 14;48,45384615;62,99
https://cdn.farmasi.com.tr//product/normal/1302473.jpg;1302473;FARMASÝ TERRACOTTA PUDRA 10 G- 16;48,45384615;62,99
https://cdn.farmasi.com.tr//product/normal/1302474.jpg;1302474;FARMASÝ TERRACOTTA PUDRA 10 G- 17;48,45384615;62,99
https://cdn.farmasi.com.tr//product/normal/1301391.jpg;1301391;FARMASÝ MAKYAJ SABITLEYICI TRANSPARAN PUDRA 14 G;26,14615385;33,99
https://cdn.farmasi.com.tr//product/normal/1302475.jpg;1302475;FARMASÝ KOMPAKT PUDRA 14 G- 01;26,14615385;33,99
https://cdn.farmasi.com.tr//product/normal/1302476.jpg;1302476;FARMASÝ KOMPAKT PUDRA 14 G- 02;26,14615385;33,99
https://cdn.farmasi.com.tr//product/normal/1302477.jpg;1302477;FARMASÝ KOMPAKT PUDRA 14 G- 03;26,14615385;33,99
https://cdn.farmasi.com.tr//product/normal/1302478.jpg;1302478;FARMASÝ KOMPAKT PUDRA 14 G- 04;26,14615385;33,99
https://cdn.farmasi.com.tr//product/normal/1302466.jpg;1302466;FARMASÝ TERRACOTTA AYDINLATICI PUDRA 10 G;49,99230769;64,99
https://cdn.farmasi.com.tr//product/normal/1302467.jpg;1302467;FARMASÝ TERRACOTTA PORSELEN PUDRA 10G-01;59,22307692;76,99
https://cdn.farmasi.com.tr//product/normal/1302468.jpg;1302468;FARMASÝ TERRACOTTA PORSELEN PUDRA 10G-02;59,22307692;76,99
https://cdn.farmasi.com.tr//product/normal/1302481.jpg;1302481;FARMASÝ TENDER BLUSH ON ALLIK 5G-01;20,76153846;26,99
https://cdn.farmasi.com.tr//product/normal/1302485.jpg;1302485;FARMASÝ TENDER BLUSH ON ALLIK 5G-09;20,76153846;26,99
https://cdn.farmasi.com.tr//product/normal/1302491.jpg;1302491;FARMASÝ TENDER BLUSH ON ALLIK 5G-02;20,76153846;26,99
https://cdn.farmasi.com.tr//product/normal/1302486.jpg;1302486;FARMASÝ TENDER BLUSH ON ALLIK 5G-15;20,76153846;26,99
https://cdn.farmasi.com.tr//product/normal/1302482.jpg;1302482;FARMASÝ TENDER BLUSH ON ALLIK 5G-03;20,76153846;26,99
https://cdn.farmasi.com.tr//product/normal/1302487.jpg;1302487;FARMASÝ TENDER BLUSH ON ALLIK 5G-17;20,76153846;26,99
https://cdn.farmasi.com.tr//product/normal/1302483.jpg;1302483;FARMASÝ TENDER BLUSH ON ALLIK 5G-06;20,76153846;26,99
https://cdn.farmasi.com.tr//product/normal/1302488.jpg;1302488;FARMASÝ TENDER BLUSH ON ALLIK 5G-18;20,76153846;26,99
https://cdn.farmasi.com.tr//product/normal/1302484.jpg;1302484;FARMASÝ TENDER BLUSH ON ALLIK 5G-07;20,76153846;26,99
https://cdn.farmasi.com.tr//product/normal/1302489.jpg;1302489;FARMASÝ TENDER BLUSH ON ALLIK 5G-19;20,76153846;26,99
https://cdn.farmasi.com.tr//product/normal/1304364.jpg;1304364;FARMASÝ NUDE OJE 11 ML- ND 01;7,684615385;9,99
https://cdn.farmasi.com.tr//product/normal/1304365.jpg;1304365;FARMASÝ NUDE OJE 11 ML- ND 02;7,684615385;9,99
https://cdn.farmasi.com.tr//product/normal/1304366.jpg;1304366;FARMASÝ NUDE OJE 11 ML- ND 03;7,684615385;9,99
https://cdn.farmasi.com.tr//product/normal/1304367.jpg;1304367;FARMASÝ NUDE OJE 11 ML- ND 04;7,684615385;9,99
https://cdn.farmasi.com.tr//product/normal/1304368.jpg;1304368;FARMASÝ NUDE OJE 11 ML- ND 05;7,684615385;9,99
https://cdn.farmasi.com.tr//product/normal/1304369.jpg;1304369;FARMASÝ NUDE OJE 11 ML- ND 06;7,684615385;9,99
https://cdn.farmasi.com.tr//product/normal/1304395.jpg;1304395;FARMASI NUDE NAIL COLORS 07 PRETTY COOL ;7,684615385;9,99
https://cdn.farmasi.com.tr//product/normal/1304396.jpg;1304396;FARMASI NUDE NAIL COLORS 08 LIGHT RUBY;7,684615385;9,99
https://cdn.farmasi.com.tr//product/normal/1304397.jpg;1304397;FARMASI NUDE NAIL COLORS 09 CHOCOLATE SOUFFLE;7,684615385;9,99
https://cdn.farmasi.com.tr//product/normal/1304398.jpg;1304398;IT GIRL OJE -10;7,684615385;9,99
https://cdn.farmasi.com.tr//product/normal/1304399.jpg;1304399;FARMASI NUDE NAIL COLORS 11 CREME BRULEE;7,684615385;9,99
https://cdn.farmasi.com.tr//product/normal/1304400.jpg;1304400;FARMASI NUDE NAIL COLORS 12 PEACH SORBE;7,684615385;9,99
https://cdn.farmasi.com.tr//product/normal/1304425.jpg;1304425;FARMASI NUDE NAIL COLORS 13 PINOCELLA ;7,684615385;9,99
https://cdn.farmasi.com.tr//product/normal/1304426.jpg;1304426;FARMASI NUDE NAIL COLORS 14 FROSTY;7,684615385;9,99
https://cdn.farmasi.com.tr//product/normal/1304427.jpg;1304427;FARMASI NAIL COLOR METALLIC 11 ML-MTL 11 BLACKBERRY;6,146153846;7,99
https://cdn.farmasi.com.tr//product/normal/1304428.jpg;1304428;FARMASI NAIL COLOR METALLIC 11 ML-MTL 12 SPOOKY;6,146153846;7,99
https://cdn.farmasi.com.tr//product/normal/1304429.jpg;1304429;FARMASI NAIL COLOR METALLIC 11 ML-MTL 13 FANCY CAKE;6,146153846;7,99
https://cdn.farmasi.com.tr//product/normal/1304430.jpg;1304430;FARMASI NAIL COLOR METALLIC 11 ML-MTL 14 LEGEND;6,146153846;7,99
https://cdn.farmasi.com.tr//product/normal/1304431.jpg;1304431;FARMASI NAIL COLOR METALLIC 11 ML-MTL 15 REBEL;6,146153846;7,99
https://cdn.farmasi.com.tr//product/normal/1304432.jpg;1304432;FARMASI NAIL COLOR METALLIC 11 ML-MTL 16 HIBISCUS;6,146153846;7,99
https://cdn.farmasi.com.tr//product/normal/1304433.jpg;1304433;FARMASI NAIL COLOR METALLIC 11 ML-MTL 17 DISCO;6,146153846;7,99
https://cdn.farmasi.com.tr//product/normal/1304434.jpg;1304434;FARMASI NAIL COLOR METALLIC 11 ML-MTL 18 BARBIE DOLL;6,146153846;7,99
https://cdn.farmasi.com.tr//product/normal/1304435.jpg;1304435;FARMASI NAIL COLOR METALLIC 11 ML-MTL 19 APPLE PIE;6,146153846;7,99
https://cdn.farmasi.com.tr//product/normal/1304374.jpg;1304374;FARMASÝ KLASÝK OJE 11 ML- FR 01;6,915384615;8,99
https://cdn.farmasi.com.tr//product/normal/1304375.jpg;1304375;FARMASÝ KLASÝK OJE 11 ML- FR 02;6,915384615;8,99
https://cdn.farmasi.com.tr//product/normal/1304376.jpg;1304376;FARMASÝ KLASÝK OJE 11 ML- FR 03;6,915384615;8,99
https://cdn.farmasi.com.tr//product/normal/1304377.jpg;1304377;FARMASÝ KLASÝK OJE 11 ML- FR 04;6,915384615;8,99
https://cdn.farmasi.com.tr//product/normal/1304378.jpg;1304378;FARMASÝ KLASÝK OJE 11 ML- FR 05;6,915384615;8,99
https://cdn.farmasi.com.tr//product/normal/1304379.jpg;1304379;FARMASÝ KLASÝK OJE 11 ML- FR 06;6,915384615;8,99
https://cdn.farmasi.com.tr//product/normal/1304380.jpg;1304380;FARMASÝ KLASÝK OJE 11 ML- FR 07;6,915384615;8,99
https://cdn.farmasi.com.tr//product/normal/1304381.jpg;1304381;FARMASÝ KLASÝK OJE 11 ML- FR 08;6,915384615;8,99
https://cdn.farmasi.com.tr//product/normal/1304382.jpg;1304382;FARMASÝ KLASÝK OJE 11 ML- FR 09;6,915384615;8,99
https://cdn.farmasi.com.tr//product/normal/1304383.jpg;1304383;FARMASÝ KLASÝK OJE 11 ML- FR 10;6,915384615;8,99
https://cdn.farmasi.com.tr//product/normal/1304384.jpg;1304384;FARMASÝ KLASÝK OJE 11 ML- FR 11;6,915384615;8,99
https://cdn.farmasi.com.tr//product/normal/1304385.jpg;1304385;FARMASÝ KLASÝK OJE 11 ML- FR 12;6,915384615;8,99
https://cdn.farmasi.com.tr//product/normal/1304386.jpg;1304386;FARMASÝ KLASÝK OJE 11 ML- FR 13;6,915384615;8,99
https://cdn.farmasi.com.tr//product/normal/1304387.jpg;1304387;FARMASÝ KLASÝK OJE 11 ML- FR 14;6,915384615;8,99
https://cdn.farmasi.com.tr//product/normal/1304388.jpg;1304388;FARMASÝ KLASÝK OJE 11 ML- FR 15;6,915384615;8,99
https://cdn.farmasi.com.tr//product/normal/1304389.jpg;1304389;FARMASÝ KLASÝK OJE 11 ML- FR 16;6,915384615;8,99
https://cdn.farmasi.com.tr//product/normal/1304314.jpg;1304314;FARMASÝ TIRNAK VE TIRNAK ETÝ BAKIM YAÐI (11 ML);11,53076923;14,99
https://cdn.farmasi.com.tr//product/normal/1304178.jpg;1304178;FARMASÝ TIRNAK GÜÇLENDÝRÝCÝ 11 ML;10,76153846;13,99
https://cdn.farmasi.com.tr//product/normal/1304345.jpg;1304345;FARMASÝ TIRNAK KORUYUCU PARLAK CÝLA 11 ML- NC 01;9,992307692;12,99
https://cdn.farmasi.com.tr//product/normal/1112001.jpg;1112001;FARMASÝ ALOE VERA ASETON 100 ML;9,992307692;12,99
https://cdn.farmasi.com.tr//product/normal/1301506.jpg;1301506;FARMASÝ KAÞ MASKARASI 5 ML-AÇIK KAHVERENGÝ;23,06923077;29,99
https://cdn.farmasi.com.tr//product/normal/1301327.jpg;1301327;FARMASÝ KAÞ MASKARASI 5 ML- KAHVERENGÝ;23,06923077;29,99
https://cdn.farmasi.com.tr//product/normal/1301328.jpg;1301328;FARMASÝ KAÞ MASKARASI 5 ML- KOYU KAHVE ;23,06923077;29,99
https://cdn.farmasi.com.tr//product/normal/1301427.jpg;1301427;FARMASÝ TRANSPARAN KAÞ MASKARASI 5 ML;23,06923077;29,99
https://cdn.farmasi.com.tr//product/normal/9700760.jpg;9700760;FARMASÝ EYEBROW LINER KAÞ KALEMÝ-01;23,06923077;29,99
https://cdn.farmasi.com.tr//product/normal/9700761.jpg;9700761;FARMASÝ EYEBROW LINER KAÞ KALEMÝ-02;23,06923077;29,99
https://cdn.farmasi.com.tr//product/normal/9700762.jpg;9700762;FARMASÝ EYEBROW LINER KAÞ KALEMÝ-03;23,06923077;29,99
https://cdn.farmasi.com.tr//product/normal/1301355.jpg;1301355;FARMASÝ KAÞ POMADI- 01 SARIÞIN;22,3;28,99
https://cdn.farmasi.com.tr//product/normal/1301356.jpg;1301356;FARMASÝ KAÞ POMADI- 02 KUMRAL;22,3;28,99
https://cdn.farmasi.com.tr//product/normal/1301357.jpg;1301357;FARMASÝ KAÞ POMADI- 03 KOYU KUMRAL;22,3;28,99
https://cdn.farmasi.com.tr//product/normal/1301392.jpg;1301392;FARMASÝ KAÞ ÞEKÝLLENDÝRÝCÝ PALET 6 G- 01 WARM BROWS;42,3;54,99
https://cdn.farmasi.com.tr//product/normal/1301393.jpg;1301393;FARMASÝ KAÞ ÞEKÝLLENDÝRÝCÝ PALET 6 G- 02 COOL BROWS;42,3;54,99
https://cdn.farmasi.com.tr//product/normal/1301388.jpg;1301388;FARMASÝ KAÞ FARI 5 G- 01 BLONDE;22,3;28,99
https://cdn.farmasi.com.tr//product/normal/1301389.jpg;1301389;FARMASÝ KAÞ FARI 5 G- 02 LIGHT BROWN;22,3;28,99
https://cdn.farmasi.com.tr//product/normal/1301390.jpg;1301390;FARMASÝ KAÞ FARI 5 G- 03 DARK BROWN;22,3;28,99
https://cdn.farmasi.com.tr//product/normal/9700325.jpg;9700325;FARMASÝ EYELINER FIRÇASI;10,42608696;11,99
https://cdn.farmasi.com.tr//product/normal/9700635.jpg;9700635;FARMASÝ RUJ FIRÇASI;22,6;25,99
https://cdn.farmasi.com.tr//product/normal/9700634.jpg;9700634;FARMASÝ GÖZ FIRÇASI;15,64347826;17,99
https://cdn.farmasi.com.tr//product/normal/9700637.jpg;9700637;FARMASÝ ÇÝFT TARAFLI KAÞ FIRÇASI;16,51304348;18,99
https://cdn.farmasi.com.tr//product/normal/9700636.jpg;9700636;FARMASÝ FONDÖTEN FIRÇASI;24,33913043;27,99
https://cdn.farmasi.com.tr//product/normal/9700633.jpg;9700633;FARMASÝ KESÝK UÇLU ALLIK FIRÇASI;21,73043478;24,99
https://cdn.farmasi.com.tr//product/normal/9700638.jpg;9700638;FARMASÝ ÇÝFT TARAFLI PUDRA VE ALLIK FIRÇASI;26,07826087;29,99
https://cdn.farmasi.com.tr//product/normal/9700630.jpg;9700630;FARMASÝ KÝRPÝK KIVIRMA ALETÝ;19,99130435;22,99
https://cdn.farmasi.com.tr//product/normal/9700410.jpg;9700410;FARMASÝ KALEMTIRAÞ;12,16521739;13,99
https://cdn.farmasi.com.tr//product/normal/9700642.jpg;9700642;FARMASÝ DELÝKLÝ SAÇ FIRÇASI;19,99130435;22,99
https://cdn.farmasi.com.tr//product/normal/9700651.jpg;9700651;FARMASÝ AYNALI SAÇ FIRÇASI;20,86086957;23,99
https://cdn.farmasi.com.tr//product/normal/9700641.jpg;9700641;FARMASÝ OVAL SAÇ FIRÇASI;21,73043478;24,99
https://cdn.farmasi.com.tr//product/normal/1302712.jpg;1302712;ÇÝFT FAZLI MAKYAJ TEMÝZLEYÝCÝSÝ 225 ML ;22,3;28,99
https://cdn.farmasi.com.tr//product/normal/1111069.jpg;1111069;FARMASÝ IMPERIUM TRAÞ SONRASI LOSYONU 100 ML  ;12,3;15,99
https://cdn.farmasi.com.tr//product/normal/1107415.jpg;1107415;FARMASÝ IMPERIUM EDP 50 ML ERKEK PARFÜMÜ;53,83846154;69,99
https://cdn.farmasi.com.tr//product/normal/1107497.jpg;1107497;FARMASÝ OMNIA DEO ROLL ON KADIN;13,06923077;16,99
https://cdn.farmasi.com.tr//product/normal/1107414.jpg;1107414;FARMASÝ OMNIA EDP 50 ML KADIN PARFÜMÜ;53,83846154;69,99
https://cdn.farmasi.com.tr//product/normal/1103239.jpg;1103239;FARMASÝ OMNIA PARFÜMLÜ VÜCUT LOSYONU 100 ML  ;11,53076923;14,99
https://cdn.farmasi.com.tr//product/normal/1103226.jpg;1103226;FARMASÝ SENSATIONAL VÜCUT LOSYONU 100 ML;11,53076923;14,99
https://cdn.farmasi.com.tr//product/normal/1107039.jpg;1107039;FARMASÝ SENSATIONAL EDP 50 ML KADIN PARFÜMÜ;61,53076923;79,99
https://cdn.farmasi.com.tr//product/normal/1107495.jpg;1107495;FARMASÝ SENSATIONAL DEO ROLL-ON KADIN 50 ML;13,06923077;16,99
https://cdn.farmasi.com.tr//product/normal/1103254.jpg;1103254;FARMASÝ MIDNIGHT VÜCUT LOSYONU 100 ML;11,53076923;14,99
https://cdn.farmasi.com.tr//product/normal/1107274.jpg;1107274;FARMASÝ REINA MIDNIGHT EDP 65ML KADIN PARFÜMÜ;57,68461538;74,99
https://cdn.farmasi.com.tr//product/normal/1107496.jpg;1107496;FARMASÝ REINA DEO ROLL-ON KADIN 50 ML;13,06923077;16,99
https://cdn.farmasi.com.tr//product/normal/1107498.jpg;1107498;FARMASÝ RÜYA DEO ROLL-ON KADIN 50 ML;13,06923077;16,99
https://cdn.farmasi.com.tr//product/normal/1107432.jpg;1107432;FARMASÝ RÜYA EDP KADIN PARFUMU 50 ML;58,45384615;75,99
https://cdn.farmasi.com.tr//product/normal/1107454.jpg;1107454;FARMASÝ ELA EDP 50 ML KADIN PARFÜMÜ;53,83846154;69,99
https://cdn.farmasi.com.tr//product/normal/1107395.jpg;1107395;FARMASÝ MOTTO EDP KADIN PARFUMU 50 ML;58,45384615;75,99
https://cdn.farmasi.com.tr//product/normal/1103237.jpg;1103237;FARMASÝ MOTTO VUCUT LOSYONU 100 ML;11,53076923;14,99
https://cdn.farmasi.com.tr//product/normal/1107491.jpg;1107491;FARMASÝ HERA EDP KADIN PARFÜMÜ;57,68461538;74,99
https://cdn.farmasi.com.tr//product/normal/1111070.jpg;1111070;GAUCHO TIRAÞ SONRASI LOSYONU;12,3;15,99
https://cdn.farmasi.com.tr//product/normal/1107025.jpg;1107025;FARMASÝ GAUCHO EDP ERKEK PARFÜMÜ 100 ML;61,53076923;79,99
https://cdn.farmasi.com.tr//product/normal/1111071.jpg;1111071;FARMASÝ SHOOTERS MAN TIRAÞ SONRASI LOSYONU;12,3;15,99
https://cdn.farmasi.com.tr//product/normal/1107052.jpg;1107052;FARMASÝ SHOOTERS MAN EDP 100 ML ERKEK PARFÜMÜ;61,53076923;79,99
https://cdn.farmasi.com.tr//product/normal/1107493.jpg;1107493;FARMASÝ SHOOTERS DEO ROLL-ON ERKEK 50ML;13,06923077;16,99
https://cdn.farmasi.com.tr//product/normal/1107492.jpg;1107492;FARMASÝ NO:70 DEO ROLL-ON ERKEK;13,06923077;16,99
https://cdn.farmasi.com.tr//product/normal/1107484.jpg;1107484;NO.70 EDP ERKEK PARFÜM;57,68461538;74,99
https://cdn.farmasi.com.tr//product/normal/1107226.jpg;1107226;FARMASÝ BRAVE WHITE EDP 60 ML ERKEK PARFÜMÜ;53,83846154;69,99
https://cdn.farmasi.com.tr//product/normal/1107294.jpg;1107294;FARMASÝ BRAVE DEEP EDP 60 ML ERKEK PARFÜMÜ;53,83846154;69,99
https://cdn.farmasi.com.tr//product/normal/1107455.jpg;1107455;FARMASÝ CHEER EDP KADIN 50ML;49,99230769;64,99
https://cdn.farmasi.com.tr//product/normal/1107200.jpg;1107200;FARMASÝ SCANDAL EDP 50 ML KADIN PARFÜMÜ;57,68461538;74,99
https://cdn.farmasi.com.tr//product/normal/1107457.jpg;1107457;FARMASÝ THEROS EDP ERKEK 50ML;33,06923077;42,99
https://cdn.farmasi.com.tr//product/normal/1107458.jpg;1107458;FARMASÝ SHOOTERS MAN 50 ML;33,06923077;42,99
https://cdn.farmasi.com.tr//product/normal/1107388.jpg;1107388;FARMASÝ AMAZING EDP 50 ML KADIN PARFÜMÜ;33,06923077;42,99
https://cdn.farmasi.com.tr//product/normal/1107387.jpg;1107387;FARMASÝ NYMPHE EDP 50 ML KADIN PARFÜMÜ;33,06923077;42,99
https://cdn.farmasi.com.tr//product/normal/1107499.jpg;1107499;FARMASI BIANCA EDP 50 ML ;33,06923077;42,99
https://cdn.farmasi.com.tr//product/normal/1107494.jpg;1107494;FARMASÝ CHARM DEO ROLL-ON ERKEK 50 ML;13,06923077;16,99
https://cdn.farmasi.com.tr//product/normal/1107329.jpg;1107329;FARMASÝ CHARM EDP ERKEK PARFÜMÜ 75 ML ;57,68461538;74,99
https://cdn.farmasi.com.tr//product/normal/1107022.jpg;1107022;FARMASÝ BOB EDP 100 ML ERKEK PARFÜMÜ;61,53076923;79,99
https://cdn.farmasi.com.tr//product/normal/1107038.jpg;1107038;FARMASÝ GLAMOROUS EDP 50 ML KADIN PARFÜMÜ;57,68461538;74,99
https://cdn.farmasi.com.tr//product/normal/1103224.jpg;1103224;FARMASÝ GLAMOROUS VÜCUT LOSYONU 100 ML;11,53076923;14,99
https://cdn.farmasi.com.tr//product/normal/1107369.jpg;1107369;FARMASÝ CHASE ME EDP 50 ML KADIN PARFÜMÜ;53,83846154;69,99
https://cdn.farmasi.com.tr//product/normal/1111068.jpg;1111068;FARMASÝ MONSIEUR EDP ERKEK TIRAÞ SONRASI LOSYONU 100 ML ;12,3;15,99
https://cdn.farmasi.com.tr//product/normal/1107434.jpg;1107434;FARMASÝ MONSIEUR EDP 100 ML ERKEK PARFÜMÜ;65,37692308;84,99
https://cdn.farmasi.com.tr//product/normal/1107433.jpg;1107433;FARMASÝ MADAME EDP 50 ML KADIN PARFÜMÜ;65,37692308;84,99
https://cdn.farmasi.com.tr//product/normal/1103238.jpg;1103238;FARMASÝ MADAME EDP KADIN VÜCUT LOSYONU 100 ML ;11,53076923;14,99
https://cdn.farmasi.com.tr//product/normal/7090235.jpg;7090235;FARMACOLOR SAÇ BOYASI 0.1 PLATÝN SARISI;23,06923077;29,99
https://cdn.farmasi.com.tr//product/normal/7090227.jpg;7090227;FARMACOLOR SAÇ BOYASI 3.0 KOYU KAHVE;23,06923077;29,99
https://cdn.farmasi.com.tr//product/normal/7090237.jpg;7090237;FARMACOLOR SAÇ BOYASI 7.3 FINDIK KABUÐU;23,06923077;29,99
https://cdn.farmasi.com.tr//product/normal/7090232.jpg;7090232;FARMACOLOR SAÇ BOYASI 8.0 AÇIK KUMRAL;23,06923077;29,99
https://cdn.farmasi.com.tr//product/normal/7090240.jpg;7090240;FARMACOLOR SAÇ BOYASI 8.73 KARAMEL;23,06923077;29,99
https://cdn.farmasi.com.tr//product/normal/7090226.jpg;7090226;FARMACOLOR SAÇ BOYASI 1.0 SÝYAH ;23,06923077;29,99
https://cdn.farmasi.com.tr//product/normal/7090230.jpg;7090230;FARMACOLOR SAÇ BOYASI 6.0 KOYU KUMRAL;23,06923077;29,99
https://cdn.farmasi.com.tr//product/normal/7090239.jpg;7090239;FARMACOLOR SAÇ BOYASI 4.6 KESTANE KIZILI ;23,06923077;29,99
https://cdn.farmasi.com.tr//product/normal/7090238.jpg;7090238;FARMACOLOR SAÇ BOYASI 8.3 BAL KÖPÜÐÜ;23,06923077;29,99
https://cdn.farmasi.com.tr//product/normal/7090233.jpg;7090233;FARMACOLOR SAÇ BOYASI 9.0 SARI;23,06923077;29,99
https://cdn.farmasi.com.tr//product/normal/1119079.jpg;1119079;SHIELD MAN YÜZ VE VÜCUT SABUNU;11,53076923;14,99
https://cdn.farmasi.com.tr//product/normal/1119084.jpg;1119084;FARMASÝ SHIELD MAN ÞEKÝLLENDÝRÝCÝ MAT SAÇ WAXI;25,37692308;32,99
https://cdn.farmasi.com.tr//product/normal/1119085.jpg;1119085;FARMASÝ SHIELD MAN YÜZ VE GÖZ KREMÝ;15,37692308;19,99
https://cdn.farmasi.com.tr//product/normal/1119082.jpg;1119082;FARMASÝ SHIELD MAN ÞAMPUAN;18,45384615;23,99
https://cdn.farmasi.com.tr//product/normal/1119081.jpg;1119081;FARMASÝ SHIELD MAN TIRAÞ KÖPÜÐÜ;23,06923077;29,99
https://cdn.farmasi.com.tr//product/normal/1119080.jpg;1119080;FARMASÝ SHIELD MAN TIRAÞ SONRASI LOSYONU;13,06923077;16,99
https://cdn.farmasi.com.tr//product/normal/1119083.jpg;1119083;FARMASÝ SHIELD MAN SAKAL VE BIYIK BAKIM YAÐI;26,91538462;34,99
https://cdn.farmasi.com.tr//product/normal/1103273.jpg;1103273;FARMASÝ BLOOD ORANGE & TURMENIC DUÞ JELÝ;15,37692308;19,99
https://cdn.farmasi.com.tr//product/normal/1109226.jpg;1109226;FARMASÝ BLOOD ORANGE & TURMENIC SIVI EL SABUNU;15,37692308;19,99
https://cdn.farmasi.com.tr//product/normal/1107516.jpg;1107516;FARMASÝ BLOOD ORANGE & TURMENIC VUCUT SPREYÝ;19,22307692;24,99
https://cdn.farmasi.com.tr//product/normal/1103274.jpg;1103274;FARMASÝ BLOOD ORANGE & TURMENIC EL VE VÜCUT LOSYONU;13,83846154;17,99
https://cdn.farmasi.com.tr//product/normal/1103282.jpg;1103282;FARMASÝ BLOOD ORANGE & TURMENIC VÜCUT PEELÝNGÝ;34,60769231;44,99
https://cdn.farmasi.com.tr//product/normal/1103276.jpg;1103276;SEA THERAPY YOSUN ALOE VERA NEMLENDÝRÝCÝ KREM ;13,06923077;16,99
https://cdn.farmasi.com.tr//product/normal/1104133.jpg;1104133;FARMASÝ NATURELLE DENÝZ MÝNERALLERÝ NEMLENDÝRÝCÝ YÜZ KREMÝ 110ML;13,83846154;17,99
https://cdn.farmasi.com.tr//product/normal/1109048.jpg;1109048;FARMASÝ NATURELLE DENÝZ MÝNERALLERÝ ARINDIRICI EL SABUNU 300 ML;12,3;15,99
https://cdn.farmasi.com.tr//product/normal/1109056.jpg;1109056;FARMASÝ NATURELLE DENÝZ MÝNERALLERÝ NEMLENDÝRÝCÝ EL KREMÝ 75 ML;9,223076923;11,99
https://cdn.farmasi.com.tr//product/normal/1108115.jpg;1108115;FARMASÝ NATURELLE DENÝZ MÝNERALLERÝ  ARINDIRICI ÞAMPUAN 375 ML;13,06923077;16,99
https://cdn.farmasi.com.tr//product/normal/1103113.jpg;1103113;FARMASÝ NATURELLE DENÝZ MÝNERALLERÝ NEMLENDÝRÝCÝ DUÞ JELÝ 375 ML;13,06923077;16,99
https://cdn.farmasi.com.tr//product/normal/1103275.jpg;1103275;OLIVE OIL DOÐAL ZEYTÝNYAÐLI EL VE VÜCUT LOSYONU;13,06923077;16,99
https://cdn.farmasi.com.tr//product/normal/1103278.jpg;1103278;OLIVE OIL  ZEYTÝNYAÐLI BESLEYÝCÝ SAÇ KREMÝ;13,06923077;16,99
https://cdn.farmasi.com.tr//product/normal/1103109.jpg;1103109;FARMASÝ NATURELLE ZEYTÝNYAÐLI BESLEYÝCÝ DUÞ JELÝ 375 ML;13,06923077;16,99
https://cdn.farmasi.com.tr//product/normal/1108107.jpg;1108107;FARMASÝ NATURELLE ZEYTÝNYAÐLI BESLEYÝCÝ ÞAMPUAN 375 ML;13,06923077;16,99
https://cdn.farmasi.com.tr//product/normal/1109043.jpg;1109043;FARMASÝ NATURELLE ZEYTÝNYAÐLI BESLEYÝCÝ EL KREMÝ 75 ML;9,223076923;11,99
https://cdn.farmasi.com.tr//product/normal/1109022.jpg;1109022;FARMASÝ NATURELLE ZEYTÝNYAÐLI BESLEYÝCÝ EL SABUNU 300 ML;12,3;15,99
https://cdn.farmasi.com.tr//product/normal/1103277.jpg;1103277;ARGAN OIL YENÝLEYÝCÝ EL VE VÜCUT LOSYONU;13,06923077;16,99
https://cdn.farmasi.com.tr//product/normal/1103114.jpg;1103114;FARMASÝ NATURELLE ARGAN YAÐI DUÞ JELÝ 375 ML;13,06923077;16,99
https://cdn.farmasi.com.tr//product/normal/1108116.jpg;1108116;FARMASÝ NATURELLE ARGAN YAÐI ÞAMPUANI 375 ML;13,06923077;16,99
https://cdn.farmasi.com.tr//product/normal/1109057.jpg;1109057;FARMASÝ NATURELLE ARGAN YAÐI EL KREMÝ 75 ML;9,223076923;11,99
https://cdn.farmasi.com.tr//product/normal/1109049.jpg;1109049;FARMASÝ NATURELLE ARGAN YAÐI GENÇLEÞTÝRÝCÝ EL SABUNU 300 ML;12,3;15,99
https://cdn.farmasi.com.tr//product/normal/1103269.jpg;1103269;BROWN SUGAR DUÞ JELÝ 375 ML;13,83846154;17,99
https://cdn.farmasi.com.tr//product/normal/1103270.jpg;1103270;BROWN SUGAR VÜCUT LOSYONU;15,37692308;19,99
https://cdn.farmasi.com.tr//product/normal/1103271.jpg;1103271;BROWN SUGAR KREM PEELING 250 ML;30,76153846;39,99
https://cdn.farmasi.com.tr//product/normal/1103272.jpg;1103272;BROWN SUGAR EL KREMÝ 75 ML;9,992307692;12,99
https://cdn.farmasi.com.tr//product/normal/1109118.jpg;1109118;FARMASÝ KERATÝN THERAPY ONARICI MASKE 200 ML;23,06923077;29,99
https://cdn.farmasi.com.tr//product/normal/1108182.jpg;1108182;FARMASÝ KERATÝN THERAPY ONARICI SERUM 30 ML;29,99230769;38,99
https://cdn.farmasi.com.tr//product/normal/1119053.jpg;1119053;FARMASÝ ÝNCÝ TOZU SABUNU;9,992307692;12,99
https://cdn.farmasi.com.tr//product/normal/1119072.jpg;1119072;FARMASÝ HAMAM SABUNU;9,992307692;12,99
https://cdn.farmasi.com.tr//product/normal/1107216.jpg;1107216;FARMASÝ LAMOUR VÜCUT SPREYÝ 115 ML KADIN;19,22307692;24,99
https://cdn.farmasi.com.tr//product/normal/1107215.jpg;1107215;FARMASÝ CRUSH VÜCUT SPREYÝ 115 ML KADIN;19,22307692;24,99
https://cdn.farmasi.com.tr//product/normal/9700810.jpg;9700810;EUROFRESH ÇOCUKLAR ÝÇÝN DÝÞ FIRÇASI MAVÝ;8,686956522;9,99
https://cdn.farmasi.com.tr//product/normal/9700809.jpg;9700809;EUROFRESH ÇOCUKLAR ÝÇÝN DÝÞ FIRÇASI PEMBE ;8,686956522;9,99
https://cdn.farmasi.com.tr//product/normal/1113518.jpg;1113518;EUROFRESH 3 YAÞ VE ÜZERÝ ÇOCUK VE HASSAS DÝÞLER ÝÇÝN DÝÞ MACUNU 50 GR;9,992307692;12,99
https://cdn.farmasi.com.tr//product/normal/1113006.jpg;1113006;EUROFRESH 7 ETKÝLÝ KOMPLE AÐIZ BAKIM BEYAZLATICI DÝÞ MACUNU 112 G;14,60769231;18,99
https://cdn.farmasi.com.tr//product/normal/9700789.jpg;9700789;EUROFRESH 2LÝ DÝÞ FIRÇASI SARI VE YEÞÝL;16,51304348;18,99
https://cdn.farmasi.com.tr//product/normal/1113521.jpg;1113521;EUROFRESH ALOE VERALI MÝSVAKLI BEYAZLATICI DÝÞ MACUNU 50 GR;7,684615385;9,99
https://cdn.farmasi.com.tr//product/normal/1113015.jpg;1113015;EUROFRESH MÝSVAKLI BEYAZLATICI DÝÞ MACUNU 112 G;13,06923077;16,99
https://cdn.farmasi.com.tr//product/normal/1109228.jpg;1109228;ANTÝBAKTERÝYEL EL JELÝ-50 ML;9,278571429;12,99
https://cdn.farmasi.com.tr//product/normal/1109227.jpg;1109227;ANTÝBAKTERÝYEL EL JELÝ-75 ML;12,85;17,99
https://cdn.farmasi.com.tr//product/normal/1109137.jpg;1109137;ANTÝBAKTERÝYEL EL JELÝ-300 ML;35,70714286;49,99
https://cdn.farmasi.com.tr//product/normal/1115019.jpg;1115019;DR.C.TUNA SUN SCIENCE YÜZ KREMÝ 50+  SPF 50 ML;35,70714286;49,99
https://cdn.farmasi.com.tr//product/normal/1115018.jpg;1115018;DR.C.TUNA SUN SCIENCE BRONZLAÞTIRICI YAÐ SPF 6;28,56428571;39,99
https://cdn.farmasi.com.tr//product/normal/1115017.jpg;1115017;DR.C.TUNA SUN SCIENCE GÜNEÞ LOSYONU 50+  SPF 75 ML;31,42142857;43,99
https://cdn.farmasi.com.tr//product/normal/1203003.jpg;1203003;DR.C.TUNA INTIM  TEMÝZLEME MENDÝLÝ 20 AD;12,13571429;16,99
https://cdn.farmasi.com.tr//product/normal/1105013.jpg;1105013;DR.C.TUNA INTIM YIKAMA JELÝ 225 ML ;21,42142857;29,99
https://cdn.farmasi.com.tr//product/normal/1114050.jpg;1114050;DR.C.TUNA TÜY DÖKÜCÜ KREM;21,42142857;29,99
https://cdn.farmasi.com.tr//product/normal/1103166.jpg;1103166;DR.C.TUNA PEEELING TUZU 250 ML;32,13571429;44,99
https://cdn.farmasi.com.tr//product/normal/1103191.jpg;1103191;DR.C.TUNA ÇATLAK TOPUKLAR ÝÇÝN YOÐUN BAKIM KREMÝ 50 ML;20,70714286;28,99
https://cdn.farmasi.com.tr//product/normal/1106001.jpg;1106001;DR.C.TUNA AYAK BAKIM KREMÝ 100 ML;20,70714286;28,99
https://cdn.farmasi.com.tr//product/normal/1106002.jpg;1106002;DR.C.TUNA AYAK SPREYÝ 115 ML;16,42142857;22,99
https://cdn.farmasi.com.tr//product/normal/9700644.jpg;9700644;FARMASÝ ÇÝFT TARAFLI AYAK TÖRPÜSÜ;11,29565217;12,99
https://cdn.farmasi.com.tr//product/normal/1114143.jpg;1114143;DR.C.TUNA AGE REVERSIST SET ;214,2785714;299,99
https://cdn.farmasi.com.tr//product/normal/1114130.jpg;1114130;DR.C.TUNA AGE REVERSIST KREM 30 ADET 0,3ML;71,42142857;99,99
https://cdn.farmasi.com.tr//product/normal/1114213.jpg;1114213;DR.C.TUNA AGE REVERSIST KREM 7 AD 0,3 ML;18,56428571;25,99
https://cdn.farmasi.com.tr//product/normal/1104139.jpg;1104139;DR.C.TUNA AGE REVERSIST TEMÝZLEYÝCÝ JEL 100 ML;38,56428571;53,99
https://cdn.farmasi.com.tr//product/normal/1104141.jpg;1104141;DR.C.TUNA AGE REVERSIST SERUM 15 ML;71,42142857;99,99
https://cdn.farmasi.com.tr//product/normal/1104140.jpg;1104140;DR.C.TUNA AGE REVERSIST NEMLENDÝRÝCÝ KREM 30 ML;71,42142857;99,99
https://cdn.farmasi.com.tr//product/normal/1111064.jpg;1111064;DR.C.TUNA AGE REVERSIST GÖZ KREMÝ 15 ML;46,42142857;64,99
https://cdn.farmasi.com.tr//product/normal/1114146.jpg;1114146;DR.C.TUNA WHITE CORRECT AYDINLATICI SET;128,5642857;179,99
https://cdn.farmasi.com.tr//product/normal/1104178.jpg;1104178;DR.C.TUNA WHITE CORRECT KOYU LEKE GÝDERÝCÝ SERUM 30 ML;48,56428571;67,99
https://cdn.farmasi.com.tr//product/normal/1119056.jpg;1119056;DR.C.TUNA AYDINLATICI SABUN;11,42142857;15,99
https://cdn.farmasi.com.tr//product/normal/1111067.jpg;1111067;DR.C.TUNA WHITE CORRECT GÖZ BALMI 15 ML;23,56428571;32,99
https://cdn.farmasi.com.tr//product/normal/1104176.jpg;1104176;DR.C.TUNA WHITE CORRECT CÝLT AYDINLATICI KREM 75 ML;26,42142857;36,99
https://cdn.farmasi.com.tr//product/normal/1104180.jpg;1104180;DR.C.TUNA WHITE CORRECT CÝLT AYDINLATICI TONÝK 225 ML ;24,99285714;34,99
https://cdn.farmasi.com.tr//product/normal/1104179.jpg;1104179;DR.C.TUNA WHITE CORRECT CÝLT AYDINLATICI PEELING LÝ TEMÝZLEYÝCÝ 100 ML;22,85;31,99
https://cdn.farmasi.com.tr//product/normal/PK95279.jpg;PK95279;DR.C.TUNA ÇAY AÐACI BAKIM SETÝ;99,99285714;139,99
https://cdn.farmasi.com.tr//product/normal/7000667.jpg;7000667;DR.C.TUNA ÇAY AÐACI SET ÇANTASI;12,99;19,99
https://cdn.farmasi.com.tr//product/normal/1104075.jpg;1104075;DR.C.TUNA ÇAY AÐACI YAÐLI YÜZ YIKAMA JELÝ 225 ML;25,70714286;35,99
https://cdn.farmasi.com.tr//product/normal/1204019.jpg;1204019;DR.C.TUNA ÇAY AÐACI TEMÝZLEME MENDÝLÝ 20 ADET;10,70714286;14,99
https://cdn.farmasi.com.tr//product/normal/1104076.jpg;1104076;DR.C.TUNA ÇAY AÐACI YAÐLI YÜZ TEMÝZLEME TONÝÐÝ 225 ML;29,27857143;40,99
https://cdn.farmasi.com.tr//product/normal/1104077.jpg;1104077;DR.C.TUNA ÇAY AÐACI YAÐLI YÜZ KREMÝ 50 ML;18,56428571;25,99
https://cdn.farmasi.com.tr//product/normal/1104079.jpg;1104079;DR.C.TUNA ÇAY AÐACI YAÐLI SOS SERUMU 10 ML;24,99285714;34,99
https://cdn.farmasi.com.tr//product/normal/1113527.jpg;1113527;DR.C.TUNA ÇAY AÐACI VE NANELÝ DÝÞ MACUNU 112 G;15,70714286;21,99
https://cdn.farmasi.com.tr//product/normal/1108170.jpg;1108170;DR.C.TUNA ÇAY AÐACI  ÞAMPUANI 225 ML;16,42142857;22,99
https://cdn.farmasi.com.tr//product/normal/1119051.jpg;1119051;DR.C.TUNA ÇAY AÐACI YAÐI SABUNU;11,42142857;15,99
https://cdn.farmasi.com.tr//product/normal/1107505.jpg;1107505;DR.C.TUNA ÇAY AÐACI ROLL-ON;15,99;23,99
https://cdn.farmasi.com.tr//product/normal/1109072.jpg;1109072;DR.C.TUNA ÇAY AÐACI YAÐI KREMÝ 110ML;35,70714286;49,99
https://cdn.farmasi.com.tr//product/normal/1104078.jpg;1104078;DR.C.TUNA ÇAY AÐACI YAÐI BALMI 15 ML;19,99285714;27,99
https://cdn.farmasi.com.tr//product/normal/1104134.jpg;1104134;DR.C.TUNA ÇAY AÐACI YAÐI BB KREM AÇIKTAN ORTAYA 50 ML;39,99285714;55,99
https://cdn.farmasi.com.tr//product/normal/1104135.jpg;1104135;DR.C.TUNA ÇAY AÐACI YAÐ BB KREM ORTADAN KOYUYA 50 ML;39,99285714;55,99
https://cdn.farmasi.com.tr//product/normal/1104197.jpg;1104197;DR.C.TUNA ÇAY AÐACI SIVI EL SABUNU 300 ML ;16,42142857;22,99
https://cdn.farmasi.com.tr//product/normal/1109214.jpg;1109214;DR.C.TUNA ALOE KREM 50 ML;21,42142857;29,99
https://cdn.farmasi.com.tr//product/normal/1103231.jpg;1103231;DR.C.TUNA ALOE LOTION 200 ML;32,85;45,99
https://cdn.farmasi.com.tr//product/normal/1103232.jpg;1103232;DR.C.TUNA ALOE JEL 110 ML;32,13571429;44,99
https://cdn.farmasi.com.tr//product/normal/PK95280.jpg;PK95280;DR.C.TUNA AYNISEFA BAKIM SETÝ;92,85;129,99
https://cdn.farmasi.com.tr//product/normal/7000668.jpg;7000668;DR.C.TUNA AYNISEFA ÇANTASI;17,3826087;19,99
https://cdn.farmasi.com.tr//product/normal/1109204.jpg;1109204;DR.C.TUNA AYNISEFA YÜZ KREMÝ 50ML;18,56428571;25,99
https://cdn.farmasi.com.tr//product/normal/1104132.jpg;1104132;DR.C.TUNA AYNISEFA YAÐI 20Ml;46,42142857;64,99
https://cdn.farmasi.com.tr//product/normal/1108177.jpg;1108177;DR.C.TUNA AYNISEFA YAÐI ÞAMPUAN 225 ML;16,42142857;22,99
https://cdn.farmasi.com.tr//product/normal/1109203.jpg;1109203;DR.C.TUNA AYNISEFA YAÐI EL KREMÝ 75 ML;10,70714286;14,99
https://cdn.farmasi.com.tr//product/normal/1109083.jpg;1109083;DR.C.TUNA AYNISEFA YAÐI KREM BALSAM 110 ML;35,70714286;49,99
https://cdn.farmasi.com.tr//product/normal/1119054.jpg;1119054;DR.C.TUNA AYNISEFA YAÐI SABUNU;11,42142857;15,99
https://cdn.farmasi.com.tr//product/normal/1104144.jpg;1104144;DR.C.TUNA AYNISEFA YAÐI TEMÝZLEYÝCÝ YÜZ TONÝÐÝ 225 ML;24,99285714;34,99
https://cdn.farmasi.com.tr//product/normal/1104149.jpg;1104149;DR.C.TUNA AYNISEFA YAÐI YÜZ YIKAMA JELÝ 225 ML;24,99285714;34,99
https://cdn.farmasi.com.tr//product/normal/1103221.jpg;1103221;DR.C.TUNA AYNISEFA YAÐI VÜCUT LOSYONU 225 ML;16,42142857;22,99
https://cdn.farmasi.com.tr//product/normal/1104151.jpg;1104151;DR.C.TUNA AKTÝF KARBON YÜZ YIKAMA JELÝ 150 ML;27,13571429;37,99
https://cdn.farmasi.com.tr//product/normal/1104150.jpg;1104150;DR.C.TUNA AKTÝF KARBON MASKE ÖNCESÝ SERUM 30 ML;46,42142857;64,99
https://cdn.farmasi.com.tr//product/normal/1104143.jpg;1104143;DR.C.TUNA AKTÝF KARBON DETOKS ETKÝLÝ SÝYAH MASKE 80ML;26,42142857;36,99
https://cdn.farmasi.com.tr//product/normal/1104153.jpg;1104153;DR.C.TUNA AKTÝF KARBON DETOKS ETKÝLÝ SÝYAH MASKE 20 ML;9,278571429;12,99
https://cdn.farmasi.com.tr//product/normal/1104152.jpg;1104152;DR.C.TUNA AKTÝF KARBON GÖZENEK SIKILAÞTIRICI TONÝK 225 ML;31,42142857;43,99
https://cdn.farmasi.com.tr//product/normal/1103258.jpg;1103258;DR.C.TUNA PURE ROSE GÜL SUYU 200ML;35,70714286;49,99
https://cdn.farmasi.com.tr//product/normal/1104181.jpg;1104181;DR.C.TUNA PURE ROSE GÜLSUYU YAÐI 30ML;39,27857143;54,99
https://cdn.farmasi.com.tr//product/normal/1104182.jpg;1104182;DR.C.TUNA PURE ROSE JEL TEMÝZLEYÝCÝ 100ML;21,42142857;29,99
https://cdn.farmasi.com.tr//product/normal/1104183.jpg;1104183;DR.C.TUNA PURE ROSE YÜZ KREMÝ 50ML;21,42142857;29,99
https://cdn.farmasi.com.tr//product/normal/1119062.jpg;1119062;DR.C.TUNA PURE ROSE SABUN 100 GR;9,278571429;12,99
https://cdn.farmasi.com.tr//product/normal/1113528.jpg;1113528;DR.C.TUNA WHITENING FERAHLATICI DÝÞ MACUNU 100 G;15,70714286;21,99
https://cdn.farmasi.com.tr//product/normal/1113529.jpg;1113529;DR.C.TUNA WHITENING YATIÞTIRICI DÝÞ MACUNU 100 G;15,70714286;21,99
https://cdn.farmasi.com.tr//product/normal/1113530.jpg;1113530;DR.C.TUNA WHITENING ARINDIRICI DÝÞ MACUNU 100 G;15,70714286;21,99
https://cdn.farmasi.com.tr//product/normal/1108062.jpg;1108062;DR.C.TUNA VITALIZING SARIMSAKLI ÞAMPUAN 500 ML;20,70714286;28,99
https://cdn.farmasi.com.tr//product/normal/1108187.jpg;1108187;DR.C.TUNA VITALIZING SARIMSAKLI ÞAMPUAN 225 ML;12,85;17,99
https://cdn.farmasi.com.tr//product/normal/1108196.jpg;1108196;DR.C.TUNA VITALIZING SARIMSAK & CAPIXYL CANLANDIRICI BAKIM MASKESÝ 200 ML;15,70714286;21,99
https://cdn.farmasi.com.tr//product/normal/2102584.jpg;2102584;DR.C.TUNA VALF;2,99;2,99
https://cdn.farmasi.com.tr//product/normal/1104166.jpg;1104166;DR.C.TUNA VITALIZING KONSANTRE SARIMSAK YAÐI 30 ML;35,70714286;49,99
https://cdn.farmasi.com.tr//product/normal/1108175.jpg;1108175;DR.C.TUNA VITALIZING ÇÖREK OTU YAÐI ÞAMPUANI 500 ML;20,70714286;28,99
https://cdn.farmasi.com.tr//product/normal/1108186.jpg;1108186;DR.C.TUNA VITALIZING ÇÖREK OTU YAÐI ÞAMPUANI 225 ML;12,85;17,99
https://cdn.farmasi.com.tr//product/normal/1108195.jpg;1108195;DR.C.TUNA VITALIZING ÇÖREK OTU YAÐI YIPRANMIÞ SAÇLAR ÝÇÝN BESLEYÝCÝ BAKIM MASKESÝ 200 ML;15,70714286;21,99
https://cdn.farmasi.com.tr//product/normal/1104169.jpg;1104169;DR.C.TUNA VITALIZING KONSANTRE ÇÖREK OTU YAÐI 30 ML;35,70714286;49,99
https://cdn.farmasi.com.tr//product/normal/1102064.jpg;1102064;DR.C.TUNA BABY BEBEK LOSYONU 200 ML ;21,42142857;29,99
https://cdn.farmasi.com.tr//product/normal/1102063.jpg;1102063;DR.C.TUNA BABY PÝÞÝK KREMÝ 100 ML;17,85;24,99
https://cdn.farmasi.com.tr//product/normal/1102065.jpg;1102065;DR.C.TUNA BAYB BEBEK YAÐI 115 ML;32,13571429;44,99
https://cdn.farmasi.com.tr//product/normal/1102062.jpg;1102062;DR.C.TUNA BABY BEBEK ÞAMPUANI 375 ML;23,56428571;32,99
https://cdn.farmasi.com.tr//product/normal/1119057.jpg;1119057;DR.C.TUNA BABY SERÝSÝ BEBEK SABUNU 100 GR;11,42142857;15,99
https://cdn.farmasi.com.tr//product/normal/1108179.jpg;1108179;DR.C.TUNA KIDS SAÇ AÇICI SPREY 200 ML;13,56428571;18,99
https://cdn.farmasi.com.tr//product/normal/1103011.jpg;1103011;DR.C.TUNA AT KESTANESI MASAJ JELÝ 500 ML;30,70714286;42,99
https://cdn.farmasi.com.tr//product/normal/1106013.jpg;1106013;DR.C.TUNA ÝKÝ KAT ETKÝLÝ AT KESTANESÝ MASAJ JELÝ 125 ML;14,27857143;19,99
https://cdn.farmasi.com.tr//product/normal/1103180.jpg;1103180;DR.C.TUNA ÝKÝ KAT ETKÝLÝ MASAJ JELÝ 250 ML;22,85;31,99
https://cdn.farmasi.com.tr//product/normal/1103236.jpg;1103236;DR.C.TUNA ALASKA MASAJ JELÝ 210 ML;21,42142857;29,99
https://cdn.farmasi.com.tr//product/normal/1103010.jpg;1103010;DR.C.TUNA BÝBERLÝ MASAJ JELÝ 500 ML;30,70714286;42,99
https://cdn.farmasi.com.tr//product/normal/1106011.jpg;1106011;DR.C.TUNA ÝKÝ KAT ETKÝLÝ BÝBERLÝ MASAJ JELÝ 125 ML;14,27857143;19,99
https://cdn.farmasi.com.tr//product/normal/1103211.jpg;1103211;DR.C.TUNA ÝKÝ KAT ETKÝLÝ BÝBERLÝ MASAJ JELÝ 250 ML;22,85;31,99
https://cdn.farmasi.com.tr//product/normal/1103267.jpg;1103267;DR.C.TUNA PFERDE INTENSE MASSAGE CREAM;27,85;38,99
https://cdn.farmasi.com.tr//product/normal/1107446.jpg;1107446;DR.C.TUNA LAVANTA SPREYÝ 50 ML;24,99285714;34,99
https://cdn.farmasi.com.tr//product/normal/1103249.jpg;1103249;DR.C.TUNA MASAJ KREMÝ 7 G;27,13571429;37,99
https://cdn.farmasi.com.tr//product/normal/9700827.jpg;9700827;NUTRIPLUS HÝNDÝBA KAHVE 16x2 G;11,42142857;15,99
https://cdn.farmasi.com.tr//product/normal/9700701.jpg;9700701;NUTRIPLUS NUTRICOFFEE HÝNDÝBA KAHVE 100 GR;18,56428571;25,99
https://cdn.farmasi.com.tr//product/normal/9700791.jpg;9700791;NUTRIPLUS TAHILLI NUTRICOFFEE;12,13571429;16,99
https://cdn.farmasi.com.tr//product/normal/9700577.jpg;9700577;NUTRIPLUS CHIA VE ÇÝLEK AROMALI MEYVE BARI 30 G;5,707142857;7,99
https://cdn.farmasi.com.tr//product/normal/9700697.jpg;9700697;NUTRIPLUS ENERJÝ NUTRIBAR KURUYEMÝÞLÝ MEYVE BARI 30 G;5,707142857;7,99
https://cdn.farmasi.com.tr//product/normal/PK94051.jpg;PK94051;NUTRIPLUS CHIA NUTRIBAR 9 LU AVANTAJ PAKETÝ;42,85;59,99
https://cdn.farmasi.com.tr//product/normal/PK94050.jpg;PK94050;NUTRIPLUS ENERGY NUTRIBAR 9 LU AVANTAJ PAKETÝ;42,85;59,99
https://cdn.farmasi.com.tr//product/normal/9700491.jpg;9700491;NUTRIPLUS DELICIOUS ROOIBOS;18,56428571;25,99
https://cdn.farmasi.com.tr//product/normal/9700492.jpg;9700492;NUTRIPLUS SMART FORM;18,56428571;25,99
https://cdn.farmasi.com.tr//product/normal/9700493.jpg;9700493;NUTRIPLUS ROYAL MATE;18,56428571;25,99
https://cdn.farmasi.com.tr//product/normal/9700710.jpg;9700710;NUTRIPLUS COLLAGEN & VITAMIN C 30 PCS;71,42142857;99,99
https://cdn.farmasi.com.tr//product/normal/9700704.jpg;9700704;NUTRIPLUS L-KARNITIN 60 KAPSUL;71,42142857;99,99
https://cdn.farmasi.com.tr//product/normal/9700767.jpg;9700767;NUTRIPLUS OMEGA3 BALIK YAGI 60 KAPSUL;85,70714286;119,99
https://cdn.farmasi.com.tr//product/normal/9700703.jpg;9700703;NUTRIPLUS GLUKOZAMIN & KONDROITIN & MSM&TIP II KOLLAJEN 60 KAPSUL;107,1357143;149,99
https://cdn.farmasi.com.tr//product/normal/9700538.jpg;9700538;NUTRIPLUS LÝF ÝÇEREN GIDA 5G 60 NUMUNE;57,13571429;79,99
https://cdn.farmasi.com.tr//product/normal/9700769.jpg;9700769;NUTRIPLUS PROBIYOTIK MIKROORGANIZMA ÝÇEREN KAPSUL TAKVIYE EDICI GIDA;85,70714286;119,99
https://cdn.farmasi.com.tr//product/normal/9700547.jpg;9700547;NUTRIPLUS D VÝTAMÝNÝ 60 KAPSÜL;71,42142857;99,99
https://cdn.farmasi.com.tr//product/normal/9700705.jpg;9700705;NUTRIPLUS MULTIVITAMIN 150 ML;64,27857143;89,99
https://cdn.farmasi.com.tr//product/normal/9700549.jpg;9700549;NUTRIPLUS VÝTAMÝN VE MÝNERAL KARIÞIMI 30 KAPSÜL;71,42142857;99,99
https://cdn.farmasi.com.tr//product/normal/9700554.jpg;9700554;NUTRIPLUS ZENCEFÝL EKSTRESÝ 10  KAPSÜL;28,56428571;39,99
https://cdn.farmasi.com.tr//product/normal/9700775.jpg;9700775;NUTRIPLUS COREK OTU YAGI KAPSULU TAKVIYE EDICI GIDA;49,99285714;69,99
https://cdn.farmasi.com.tr//product/normal/9700768.jpg;9700768;NUTRIPLUS ZERDEÇAL EKSTRESÝ 30 KAPSÜL;85,70714286;119,99
https://cdn.farmasi.com.tr//product/normal/9700702.jpg;9700702;NUTRIPLUS B12 VITAMINI 25 ML;42,85;59,99
https://cdn.farmasi.com.tr//product/normal/9700706.jpg;9700706;NUTRIPLUS OMEGA3 BALIK YAGI PORTAKAL AROMALI 150ML;78,56428571;109,99
https://cdn.farmasi.com.tr//product/normal/9700546.jpg;9700546;NUTRIPLUS REISHI MANTARI EKSTRESÝ 60 KAPSÜL;53,56428571;74,99
https://cdn.farmasi.com.tr//product/normal/1600024.jpg;1600024;MR.WIPES KONSANTRE WC TEMÝZLEYÝCÝ 750 ML;22,3;28,99
https://cdn.farmasi.com.tr//product/normal/1600014.jpg;1600014;MR.WIPES KONSANTRE YAÐ VE KÝR SÖKÜCÜ;18,45384615;23,99
https://cdn.farmasi.com.tr//product/normal/1600015.jpg;1600015;MR.WIPES KONSANTRE PAS VE KÝREÇ SÖKÜCÜ;16,91538462;21,99
https://cdn.farmasi.com.tr//product/normal/1600000.jpg;1600000;FARMASI MR WIPES MULTI PURPOSE CLEANER DROP- PURE SOAP 500 ML (NEW 2020);15,37692308;19,99
https://cdn.farmasi.com.tr//product/normal/1600001.jpg;1600001;MR.WIPES KONSANTRE ÇOK AMAÇLI TEMÝZLEYÝCÝ BEYAZ ÇÝÇEK KOKULU-500 ML;15,37692308;19,99
https://cdn.farmasi.com.tr//product/normal/1600005.jpg;1600005;MR.WIPES KONSANTRE JEL BULAÞIK MAKÝNESÝ DETERJANI 500 ML ;29,22307692;37,99
https://cdn.farmasi.com.tr//product/normal/1600006.jpg;1600006;MR.WIPES BULAÞIK MAKÝNASI PARLATICISI 300 ML;15,37692308;19,99
https://cdn.farmasi.com.tr//product/normal/1600004.jpg;1600004;MR.WÝPES ELDE YIKAMA BULAÞIK SIVISI;13,06923077;16,99
https://cdn.farmasi.com.tr//product/normal/1600011.jpg;1600011;MR.WIPES KONSANTRE YUMUÞATICI-500 ML ;20,76153846;26,99
https://cdn.farmasi.com.tr//product/normal/1600010.jpg;1600010;MR.WIPES KONSANTRE LEKE ÇIKARICI-500 ML;19,22307692;24,99
https://cdn.farmasi.com.tr//product/normal/1600003.jpg;1600003;MR.WIPES KONSANTRE YÜZEY TEMÝZLEYÝCÝ MOUNTAIN BREEZE-1000 ML;23,06923077;29,99
https://cdn.farmasi.com.tr//product/normal/1600022.jpg;1600022;MR.WIPES METAL TEMÝZLEYÝCÝ-200 ML;20,76153846;26,99
https://cdn.farmasi.com.tr//product/normal/7000822.jpg;7000822;MR WIPES SÝHÝRLÝ SÜNGER;7,684615385;9,99
https://cdn.farmasi.com.tr//product/normal/1205003.jpg;1205003;MR WIPES EASY CLEAN TEMÝZLEME MENDÝLÝ OKYANUS ESÝNTÝSÝ KOKULU 40 ADET;10,76153846;13,99
https://cdn.farmasi.com.tr//product/normal/1205004.jpg;1205004;MR WIPES EASY CLEAN TEMÝZLEME MENDÝLÝ LÝMON KOKULU 40 ADET;10,76153846;13,99
https://cdn.farmasi.com.tr//product/normal/7001224.jpg;7001224;MR.WIPES MÝKROFÝBER DEKORATÝF MUTFAK KURULAMA BEZÝ ;24,60769231;31,99
https://cdn.farmasi.com.tr//product/normal/7000446.jpg;7000446;MR WIPES ANTÝBAKTERÝYEL MÝKROFÝBER ARAÇ KURULAMA BEZÝ 40X40CM;21,53076923;27,99
https://cdn.farmasi.com.tr//product/normal/9700523.jpg;9700523;MR WIPES ANTÝBAKTERÝYEL MÝKROFÝBER HALI-KOLTUK VE YER SÝLME BEZÝ 40X40CM;23,83846154;30,99
https://cdn.farmasi.com.tr//product/normal/7000440.jpg;7000440;MR WIPES TEKLÝ CAM BEZÝ 40X40CM;16,14615385;20,99
https://cdn.farmasi.com.tr//product/normal/7000441.jpg;7000441;MR WIPES ANTÝBAKTERÝYEL MÝKROFÝBER GENEL TEMÝZLÝK BEZÝ 40X40CM;19,99230769;25,99
https://cdn.farmasi.com.tr//product/normal/7000443.jpg;7000443;MR WIPES ANTÝBAKTERÝYEL MÝKROFÝBER ZOR KÝR VE YAÐ BEZÝ  40X40CM;23,83846154;30,99
https://cdn.farmasi.com.tr//product/normal/7000393.jpg;7000393;MR WIPES 2LÝ CAM BEZÝ 40X40 CM;26,14615385;33,99
https://cdn.farmasi.com.tr//product/normal/1117102.jpg;1117102;FARMASÝ SACHET SET CC ALL IN ONE ;1,99;1,99
https://cdn.farmasi.com.tr//product/normal/1117103.jpg;1117103;FARMASÝ SACHET SET BB ALL IN ONE ;1,99;1,99
https://cdn.farmasi.com.tr//product/normal/1117104.jpg;1117104;FARMASÝ SACHET SET DR.C.TUNA PFERDE & PAPRIKA BALSAM;1,99;1,99
https://cdn.farmasi.com.tr//product/normal/1117109.jpg;1117109;FARMASÝ SACHET SET KERATIN THERAPY SET SHAMPOO & M;1,99;1,99
https://cdn.farmasi.com.tr//product/normal/1117110.jpg;1117110;FARMASÝ SACHET SET VITALIZING SHAMPOO & HAIR MASK;1,99;1,99
https://cdn.farmasi.com.tr//product/normal/1117114.jpg;1117114;WHITE CORRECT 4 LÜ SAÞE (LGKT);1,99;1,99
https://cdn.farmasi.com.tr//product/normal/1117115.jpg;1117115;AYAK SERÝSÝ 4 LÜ SACHET;1,99;1,99
https://cdn.farmasi.com.tr//product/normal/1117117.jpg;1117117;ÇAY AÐACI SERÝSÝ 4 LÜ SACHET (BB KREM+ÞAMPUAN+YÜZ KREMÝ+YÜZ TEMÝZLEME JELÝ;1,99;1,99
https://cdn.farmasi.com.tr//product/normal/1306024.jpg;1306024;VFX FONDOTEN 4LÜ(0-1-2-3);1,99;1,99
https://cdn.farmasi.com.tr//product/normal/1306025.jpg;1306025;STAY MATTE 4LÜ(1-2-3-4);1,99;1,99
https://cdn.farmasi.com.tr//product/normal/1306026.jpg;1306026;VFX FONDOTEN 4LÜ(2-3-4-5);1,99;1,99
https://cdn.farmasi.com.tr//product/normal/1306027.jpg;1306027;STAY MATTE 4LÜ(3-5-6-9);1,99;1,99
https://cdn.farmasi.com.tr//product/normal/1103118.jpg;1103118;FARMASÝ NATURELLE DENÝZ MÝNERALLERÝ NEMLENDÝRÝCÝ EL VE VÜCUT LOSYONU 300 ML;11,99;17,99
https://cdn.farmasi.com.tr//product/normal/1111063.jpg;1111063;FARMASÝ MEN GÖZ ÇEVRESÝ BAKIM KREMÝ 20 ML;19,99;21,99
https://cdn.farmasi.com.tr//product/normal/1111058.jpg;1111058;FARMASÝ MEN SAKAL VE BIYIK YAÐI 30 ML;19,99;32,99
https://cdn.farmasi.com.tr//product/normal/1111059.jpg;1111059;FARMASÝ MEN YATIÞTIRICI TIRAÞ JELÝ 100 ML;12,99;16,99
https://cdn.farmasi.com.tr//product/normal/1108189.jpg;1108189;FARMASÝ MEN SAC SEKILLENDIRICI JOLE;13,99;22,99
https://cdn.farmasi.com.tr//product/normal/1111055.jpg;1111055;FARMASÝ MEN YATIÞTIRICI TIRAÞ KÖPÜÐÜ 200 ML;19,99;26
https://cdn.farmasi.com.tr//product/normal/1107223.jpg;1107223;FARMASI SPREY KOLONYA- LÝMON;10,99;12
https://cdn.farmasi.com.tr//product/normal/1107225.jpg;1107225;FARMASI SPREY KOLONYA-LAVANTA;10,99;12
https://cdn.farmasi.com.tr//product/normal/9700477.jpg;9700477;MR WIPES KONSANTRE YUMUÞATICI 500 ML;14,99;24,99
https://cdn.farmasi.com.tr//product/normal/9700447.jpg;9700447;MR WIPES KONSANTRE AHÞAP TEMÝZLEYÝCÝ 1000 ML;19,99;26,99
https://cdn.farmasi.com.tr//product/normal/9700586.jpg;9700586;MR WIPES KONSANTRE YÜZEY TEMÝZLEYÝCÝ 1000 ML;19,99;26,99
https://cdn.farmasi.com.tr//product/normal/9700804.jpg;9700804;MR WIPES KONSANTRE BEBEK ÇAMAÞIR DETERJANI 500 ML;19,99;29,99
https://cdn.farmasi.com.tr//product/normal/9700803.jpg;9700803;MR WIPES BEBEK ÇAMAÞIR YUMUÞATICI 500 ML;19,99;29,99
https://cdn.farmasi.com.tr//product/normal/9700541.jpg;9700541;MR WIPES RENKLÝLER ÝÇÝN SIVI ÇAMAÞIR DETERJANI 1000 ML;21,99;27,99
https://cdn.farmasi.com.tr//product/normal/9700584.jpg;9700584;MR WIPES SÝYAHLAR ÝÇÝN SIVI ÇAMAÞIR DETERJANI 1000 ML;21,99;27,99
https://cdn.farmasi.com.tr//product/normal/9700449.jpg;9700449;MR WIPES SIVI ÇAMAÞIR DETEJANI BEYAZLAR 1000 ML;21,99;27,99
https://cdn.farmasi.com.tr//product/normal/9700796.jpg;9700796;MR.WIPES KONSANTRE JEL BULAÞIK MAKÝNESÝ DETERJANI 500 ML;19,99;37,99
https://cdn.farmasi.com.tr//product/normal/9700801.jpg;9700801;MR.WIPES BULAÞIK MAKÝNESÝ PARLATICISI 300 ML;19,99;42
https://cdn.farmasi.com.tr//product/normal/9700476.jpg;9700476;MR WIPES ÇAMAÞIR LEKE ÇIKARICI 500 ML;14,99;22,99
